Instance ID,Title,Difficulty,Tags,Problem,Input/Constraints,Output,Source Code,URL
ADSO_TEST_001,Coprime,3,"brute force, greedy, number theory","Given an array of n positive integers a_1, a_2, \dots, a_n (1 ≤ a_i ≤ 1000). Find the maximum value of i + j such that a_i and a_j are coprime,^{\dagger} or -1 if no such i, j exist.

For example consider the array [1, 3, 5, 2, 4, 7, 7]. The maximum value of i + j that can be obtained is 5 + 7, since a_5 = 4 and a_7 = 7 are coprime.

^{\dagger} Two integers p and q are

coprime

if the only positive integer that is a divisor of both of them is 1 (that is, their

greatest common divisor

is 1).","The input consists of multiple test cases. The first line contains an integer t (1 ≤ t ≤ 10) — the number of test cases. The description of the test cases follows.

The first line of each test case contains an integer n (2 ≤ n ≤ 2⋅10^5) — the length of the array.

The following line contains n space-separated positive integers a_1, a_2,..., a_n (1 ≤ a_i ≤ 1000) — the elements of the array.

It is guaranteed that the sum of n over all test cases does not exceed 2⋅10^5.","For each test case, output a single integer  — the maximum value of i + j such that i and j satisfy the condition that a_i and a_j are coprime, or output -1 in case no i, j satisfy the condition.","import math
t = int(input())
for tt in range(t):
    input()
    *a, = map(int, input().split())
    s = set()
    n = len(a)
    b = []
    for i in a[::-1]:
        if not i in s:
            b += [[i, n]]
            s.add(i)
        n -= 1
    N = len(b)
    best = -1
    for i, i1 in b:
        for j, j1 in b:
            if i1 + j1 > best and math.gcd(i, j) == 1:
                best = i1 + j1
    print(best)
",https://codeforces.com/problemset/problem/1742/D
ADSO_TEST_002,Chopping Carrots (Easy Version),9,"binary search, brute force, constructive algorithms, greedy, number theory","This is the easy version of the problem. The only difference between the versions is the constraints on n, k, a_i, and the sum of n over all test cases. You can make hacks only if both versions of the problem are solved.

Note the unusual memory limit.

You are given an array of integers a_1, a_2, ..., a_n of length n, and an integer k.

The cost of an array of integers p_1, p_2, ..., p_n of length n is \max\limits_{1 ≤ i ≤ n}≤ft(≤ft \lfloor \frac{a_i}{p_i} \right \rfloor \right) - \min\limits_{1 ≤ i ≤ n}≤ft(≤ft \lfloor \frac{a_i}{p_i} \right \rfloor \right).

Here, \lfloor \frac{x}{y} \rfloor denotes the integer part of the division of x by y. Find the minimum cost of an array p such that 1 ≤ p_i ≤ k for all 1 ≤ i ≤ n.","The first line contains a single integer t (1 ≤ t ≤ 100) — the number of test cases.

The first line of each test case contains two integers n and k (1 ≤ n, k ≤ 3000).

The second line contains n integers a_1, a_2, ..., a_n (1 ≤ a_1 ≤ a_2 ≤ ... ≤ a_n ≤ 3000).

It is guaranteed that the sum of n over all test cases does not exceed 3000.","For each test case, print a single integer — the minimum possible cost of an array p satisfying the condition above.","def main():
    n, k = map(int, input().split())
    arr = list(map(int, input().split()))
    ans = float('inf')
    mx = max(arr)
    for d in range(1, mx + 1):
        aux = []
        for z in arr:
            if z <= d:
                aux.append(z)
            else:
                a = min(z // d, k)
                aux.append(z // a)
        poss = max(aux) - min(aux)
        ans = min(poss, ans)
    return ans


for _ in range(int(input())):
    print(main())
",https://codeforces.com/problemset/problem/1706/D1
ADSO_TEST_003,Smaller,7,"constructive algorithms, greedy, strings","Alperen has two strings, s and t which are both initially equal to ""a"".

He will perform q operations of two types on the given strings:

1 \;\; k \;\; x — Append the string x exactly k times at the end of string s. In other words, s := s + \underbrace{x + \dots + x}_{k \text{ times}}.

2 \;\; k \;\; x — Append the string x exactly k times at the end of string t. In other words, t := t + \underbrace{x + \dots + x}_{k \text{ times}}.

After each operation, determine if it is possible to rearrange the characters of s and t such that s is lexicographically smaller^{\dagger} than t.

Note that the strings change after performing each operation and don't go back to their initial states.

^{\dagger} Simply speaking, the lexicographical order is the order in which words are listed in a dictionary. A formal definition is as follows: string p is lexicographically smaller than string q if there exists a position i such that p_i < q_i, and for all j < i, p_j = q_j. If no such i exists, then p is lexicographically smaller than q if the length of p is less than the length of q. For example, {abdc} < {abe} and {abc} < {abcd}, where we write p < q if p is lexicographically smaller than q.","The first line of the input contains an integer t (1 ≤ t ≤ 10^4) — the number of test cases.

The first line of each test case contains an integer q (1 ≤ q ≤ 10^5) — the number of operations Alperen will perform.

Then q lines follow, each containing two positive integers d and k (1 ≤ d ≤ 2; 1 ≤ k ≤ 10^5) and a non-empty string x consisting of lowercase English letters — the type of the operation, the number of times we will append string x and the string we need to append respectively.

It is guaranteed that the sum of q over all test cases doesn't exceed 10^5 and that the sum of lengths of all strings x in the input doesn't exceed 5 ⋅ 10^5.","For each operation, output ""YES"", if it is possible to arrange the elements in both strings in such a way that s is lexicographically smaller than t and ""NO"" otherwise.","test = int(input())
for j in range(test):
    s = 'a'
    t = 'a'
    maxg = 'a'
    maxf = 'a'
    l1 = 1
    l2 = 1
    r = int(input())
    alwaysTrue = False
    for i in range(r):
        if alwaysTrue:
            input()
            print('YES')
        else:
            ch = input()
            tab = ch.split()
            w = tab[0]
            k = int(tab[1])
            x = tab[2]
            newmax = max(x)
            if w == '1':
                if newmax == 'a':
                    l1 = l1 + len(x) * k
                if newmax > maxf:
                    maxf = newmax
            else:
                if newmax == 'a':
                    l2 = l2 + len(x) * k
                if newmax > maxg:
                    maxg = newmax
            if maxg > 'a':
                alwaysTrue = True
                print('YES')
            elif maxg == 'a' and 'a' == maxf:
                if l2 > l1:
                    print('YES')
                else:
                    print('NO')
            else:
                print('NO')
",https://codeforces.com/problemset/problem/1742/F
ADSO_TEST_004,Minimum Varied Number,0,greedy,"Find the minimum number with the given sum of digits s such that all digits in it are distinct (i.e. all digits are unique).

For example, if s=20, then the answer is 389. This is the minimum number in which all digits are different and the sum of the digits is 20 (3+8+9=20).

For the given s print the required number.","The first line contains an integer t (1 ≤ t ≤ 45) — the number of test cases.

Each test case is specified by a line that contains the only integer s (1 ≤ s ≤ 45).",Print t integers — the answers to the given test cases.,"t = int(input())
ans = []


def getsum(target, candidates):
    if target == 0:
        return []
    if target < 0:
        return
    result = None
    for candidate in candidates:
        print(candidate, candidates, target)
        temp = candidates[:]
        temp.remove(candidate)
        remainder = target - candidate
        result = getsum(remainder, temp)
        if result != None:
            result.append(candidate)
    return result


def subset_sum(numbers, target, partial=[], partial_sum=0):
    if partial_sum == target:
        yield partial
    if partial_sum >= target:
        return
    for i, n in enumerate(numbers):
        remaining = numbers[i + 1:]
        yield from subset_sum(remaining, target, partial + [n], partial_sum + n
            )


for _ in range(t):
    n = int(input())
    lt = [1, 2, 3, 4, 5, 6, 7, 8, 9]
    res = list(subset_sum(lt, n))
    res.sort(key=len)
    arr = ''.join([str(elem) for elem in res[0]])
    ans.append(arr)
for i in ans:
    print(i)
",https://codeforces.com/problemset/problem/1714/C
ADSO_TEST_005,Robots,0,implementation,"There is a field divided into n rows and m columns. Some cells are empty (denoted as E), other cells contain robots (denoted as R).

You can send a command to all robots at the same time. The command can be of one of the four types:

move up;

move right;

move down;

move left.

When you send a command, all robots at the same time attempt to take one step in the direction you picked. If a robot tries to move outside the field, it explodes; otherwise, every robot moves to an adjacent cell in the chosen direction.

You can send as many commands as you want (possibly, zero), in any order. Your goal is to make at least one robot reach the upper left corner of the field. Can you do this without forcing any of the robots to explode?","The first line contains one integer t (1 ≤ t ≤ 5000) — the number of test cases.

Each test case starts with a line containing two integers n and m (1 ≤ n, m ≤ 5) — the number of rows and the number of columns, respectively. Then n lines follow; each of them contains a string of m characters. Each character is either E (empty cell} or R (robot).

Additional constraint on the input: in each test case, there is at least one robot on the field.","If it is possible to make at least one robot reach the upper left corner of the field so that no robot explodes, print YES. Otherwise, print NO.","import sys
input = lambda : sys.stdin.readline().strip()
from bdb import Breakpoint
from functools import lru_cache
from http.client import CONTINUE
import sys
from math import log2
import bisect
input = sys.stdin.readline
from collections import defaultdict
mod = 10 ** 9 + 7


def ii():
    return int(input())


def lii():
    return list(map(int, input().split()))


def ss():
    return input()


def lss():
    return list(map(str, input().split()))


def yes():
    print('YES')


def no():
    print('NO')


for _ in range(int(input())):
    a, b = list(map(int, input().split()))
    main_list = []
    new_list = []
    for i in range(a):
        main_list.append(list(input()))
    for x in range(a):
        for y in range(b):
            if main_list[x][y] == 'R':
                new_list.append((y, x))
    new_list = sorted(new_list)
    for i in new_list:
        if new_list[0][1] > i[1]:
            no()
            break
    else:
        yes()
",https://codeforces.com/problemset/problem/1680/B
ADSO_TEST_006,Hossam and Friends,6,"binary search, constructive algorithms, dp, two pointers","Hossam makes a big party, and he will invite his friends to the party.

He has n friends numbered from 1 to n. They will be arranged in a queue as follows: 1, 2, 3, ..., n.

Hossam has a list of m pairs of his friends that don't know each other. Any pair not present in this list are friends.

A subsegment of the queue starting from the friend a and ending at the friend b is [a, a + 1, a + 2, ..., b]. A subsegment of the queue is called good when all pairs of that segment are friends.

Hossam wants to know how many pairs (a, b) there are (1 ≤ a ≤ b ≤ n), such that the subsegment starting from the friend a and ending at the friend b is good.","The input consists of multiple test cases. The first line contains a single integer t (1 ≤ t ≤ 2 ⋅ 10^4), the number of test cases. Description of the test cases follows.

The first line of each test case contains two integer numbers n and m (2 ≤ n ≤ 10^5, 0 ≤ m ≤ 10^5) representing the number of friends and the number of pairs, respectively.

The i-th of the next m lines contains two integers x_i and y_i (1 ≤ x_i, y_i≤ n, x_i ≠ y_i) representing a pair of Hossam's friends that don't know each other.

Note that pairs can be repeated.

It is guaranteed that the sum of n over all test cases does not exceed 10^5, and the sum of m over all test cases does not exceed 10^5.",For each test case print an integer — the number of good subsegments.,"import sys
import threading
from functools import lru_cache
from collections import defaultdict, deque


def main():
    t = int(input())
    for _ in range(t):
        n, m = [int(i) for i in input().split()]
        mapping = [set() for i in range(n + 1)]
        for i in range(m):
            x, y = [int(i) for i in input().split()]
            mapping[x].add(y)
            mapping[y].add(x)
        ans = 0
        left = 1
        current = {left}
        for right in range(1, n + 1):
            current.add(right)
            while mapping[right].intersection(current):
                current.discard(left)
                left += 1
            window_size = right - left + 1
            ans += window_size
        print(ans)


main_thread = threading.Thread(target=main)
main_thread.start()
main_thread.join()
",https://codeforces.com/problemset/problem/1771/B
ADSO_TEST_007,Two Groups,0,"constructive algorithms, greedy","You are given an array a consisting of n integers. You want to distribute these n integers into two groups s_1 and s_2 (groups can be empty) so that the following conditions are satisfied:

For each i (1 ≤ i ≤ n), a_i goes into exactly one group.

The value |sum(s_1)| - |sum(s_2)| is the maximum possible among all such ways to distribute the integers.

Here sum(s_1) denotes the sum of the numbers in the group s_1, and sum(s_2) denotes the sum of the numbers in the group s_2.

Determine the maximum possible value of |sum(s_1)| - |sum(s_2)|.","The input consists of multiple test cases. The first line contains a single integer t (1 ≤ t ≤ 2 ⋅ 10^4)  — the number of test cases. The description of the test cases follows.

The first line of each test case contains a single integer n (1 ≤ n ≤ 10^5)  — the length of the array a.

The second line of each test case contains n integers a_1,a_2 ... a_n (-10^9 ≤ a_i ≤ 10^9)  — elements of the array a.

It is guaranteed that the sum of n over all test cases does not exceed 2⋅ 10^5.","For each test case, output a single integer  — the maximum possible value of |sum(s_1)| - |sum(s_2)|.","def main():
    t = int(input())
    for _ in range(t):
        n = int(input())
        a = map(int, input().split())
        print(abs(sum(a)))


main()
",https://codeforces.com/problemset/problem/1747/A
ADSO_TEST_008,Masha and a Beautiful Tree,5,"dfs and similar, divide and conquer, graphs, sortings, trees","The girl named Masha was walking in the forest and found a complete binary tree of height n and a permutation p of length m=2^n.

A complete binary tree of height n is a rooted tree such that every vertex except the leaves has exactly two sons, and the length of the path from the root to any of the leaves is n. The picture below shows the complete binary tree for n=2.

A permutation is an array consisting of n different integers from 1 to n. For example, [2,3,1,5,4] is a permutation, but [1,2,2] is not (2 occurs twice), and [1,3,4] is also not a permutation (n=3, but there is 4 in the array).

Let's enumerate m leaves of this tree from left to right. The leaf with the number i contains the value p_i (1 ≤ i ≤ m).

For example, if n = 2, p = [3, 1, 4, 2], the tree will look like this:

Masha considers a tree beautiful if the values in its leaves are ordered from left to right in increasing order.

In one operation, Masha can choose any non-leaf vertex of the tree and swap its left and right sons (along with their subtrees).

For example, if Masha applies this operation to the root of the tree discussed above, it will take the following form:

Help Masha understand if she can make a tree beautiful in a certain number of operations. If she can, then output the minimum number of operations to make the tree beautiful.","The first line contains single integer t (1 ≤ t ≤ 10^4) — number of test cases.

In each test case, the first line contains an integer m (1 ≤ m ≤ 262144), which is a power of two  — the size of the permutation p.

The second line contains m integers: p_1, p_2, \dots, p_m (1 ≤ p_i ≤ m) — the permutation p.

It is guaranteed that the sum of m over all test cases does not exceed 3 ⋅ 10^5.","For each test case in a separate line, print the minimum possible number of operations for which Masha will be able to make the tree beautiful or -1, if this is not possible.","t = int(input())
b = [(0) for i in range(262145)]
global res, count
for i in range(t):
    res = True
    count = 0
    n = int(input())
    a = [int(x) for x in input().split()]

    def merge(arr, l, m, r):
        global count, res
        i = l
        j = m + 1
        k = l
        if abs(arr[l] - arr[r]) != 1 and abs(arr[m] - arr[m + 1]) != 1:
            res = False
        elif arr[l] - arr[r] == 1:
            count += 1
            while j <= r:
                b[k] = arr[j]
                j += 1
                k += 1
            while i <= m:
                b[k] = arr[i]
                i += 1
                k += 1
            for i in range(l, r + 1):
                arr[i] = b[i]

    def mergeSort(arr, l, r):
        if l < r:
            mid = (l + r) // 2
            mergeSort(arr, l, mid)
            mergeSort(arr, mid + 1, r)
            merge(arr, l, mid, r)
    mergeSort(a, 0, n - 1)
    if res == False:
        print(-1)
    else:
        print(count)
",https://codeforces.com/problemset/problem/1741/D
ADSO_TEST_009,Lex String,0,"brute force, greedy, implementation, sortings, two pointers","Kuznecov likes art, poetry, and music. And strings consisting of lowercase English letters.

Recently, Kuznecov has found two strings, a and b, of lengths n and m respectively. They consist of lowercase English letters and no character is contained in both strings.

Let another string c be initially empty. Kuznecov can do the following two types of operations:

Choose any character from the string a, remove it from a, and add it to the end of c.

Choose any character from the string b, remove it from b, and add it to the end of c.

But, he can not do more than k operations of the same type in a row. He must perform operations until either a or b becomes empty. What is the lexicographically smallest possible value of c after he finishes?

A string x is lexicographically smaller than a string y if and only if one of the following holds:

x is a prefix of y, but x ≠ y;

in the first position where x and y differ, the string x has a letter that appears earlier in the alphabet than the corresponding letter in y.","There are several test cases in the input data. The first line contains a single integer t (1 ≤ t ≤ 100) — the number of test cases. This is followed by the test cases description.

The first line of each test case contains three integers n, m, and k (1≤ n,m,k ≤ 100) — parameters from the statement.

The second line of each test case contains the string a of length n.

The third line of each test case contains the string b of length m.

The strings contain only lowercase English letters. It is guaranteed that no symbol appears in a and b simultaneously.","In each test case, output a single string c — the answer to the problem.","t = int(input())


def solve(s1, s2, k):
    s1 = sorted(list(s1))
    s2 = sorted(list(s2))
    c = ''
    ak, bk = k, k
    i, j = 0, 0
    while i < len(s1) and j < len(s2):
        if s1[i] < s2[j] and ak > 0 or bk == 0:
            c += s1[i]
            ak -= 1
            bk = k
            i += 1
        elif bk > 0:
            c += s2[j]
            ak = k
            bk -= 1
            j += 1
    return c


for i in range(t):
    m, n, k = map(int, input().split())
    x = input()
    y = input()
    print(solve(x, y, k))
",https://codeforces.com/problemset/problem/1689/A
ADSO_TEST_010,Cake Assembly Line,5,"brute force, sortings","A cake assembly line in a bakery was once again optimized, and now n cakes are made at a time! In the last step, each of the n cakes should be covered with chocolate.

Consider a side view on the conveyor belt, let it be a number line. The i-th cake occupies the segment [a_i - w, a_i + w] on this line, each pair of these segments does not have common points. Above the conveyor, there are n dispensers, and when a common button is pressed, chocolate from the i-th dispenser will cover the conveyor segment [b_i - h, b_i + h]. Each pair of these segments also does not have common points.

Cakes and dispensers corresponding to the first example.

The calibration of this conveyor belt part has not yet been performed, so you are to make it. Determine if it's possible to shift the conveyor so that each cake has some chocolate on it, and there is no chocolate outside the cakes. You can assume that the conveyour is long enough, so the cakes never fall. Also note that the button can only be pressed once.

In the first example we can shift the cakes as shown in the picture.","Each test contains multiple test cases. The first line contains the number of test cases t (1 ≤ t ≤ 10^5). The description of the test cases follows.

The first line of each test case contains three integers n, w, and h (1 ≤ n ≤ 10^5; 1 ≤ w, h ≤ 10^5; h ≤ w) — the number of cakes and dispensers, as well as the halfwidths of cakes and segments on which the chocolate is dispensed.

The second line contains n integers a_1, a_2, ..., a_n (1 ≤ a_i ≤ 10^9) — the positions of the cakes centers. It is guaranteed that a_i + w < a_{i + 1} - w for all i.

The third line contains n integers b_1, b_2, ..., b_n (1 ≤ b_i ≤ 10^9) — the positions of the dispensers. It is guaranteed that b_i + h < b_{i + 1} - h for all i.

It is guaranteed that the sum of n over all test cases does not exceed 10^5.","For each test case output ""YES"", if it's possible to shift the conveyor in such a way that each cake ends up with some chocolate, and no chocolate is outside the cakes, and ""NO"" otherwise.

You can output the answer in any case (upper or lower). For example, the strings ""yEs"", ""yes"", ""Yes"", and ""YES"" will be recognized as positive responses.","def decali(tab: list, d):
    res = []
    for i in tab:
        res.append(i + d)
    return res


t = int(input())
l = []
cakes = []
dispensers = []
for i in range(t):
    ch = input()
    a = [int(x) for x in ch.split()]
    l.append(a)
    ch = input()
    a = [int(x) for x in ch.split()]
    cakes.append(a)
    ch = input()
    a = [int(x) for x in ch.split()]
    dispensers.append(a)
for i in range(t):
    n = l[i][0]
    w = l[i][1]
    h = l[i][2]
    cake = cakes[i]
    disp = dispensers[i]
    poss = h <= w
    j = 0
    while j < n and poss:
        if cake[j] - w <= disp[j] - h and cake[j] + w >= disp[j] + h:
            j += 1
        else:
            if cake[j] + w < disp[j] + h:
                cal = disp[j] + h - cake[j] - w
            else:
                cal = disp[j] - h - (cake[j] - w)
            k = 0
            while k < j and poss:
                if cake[k] - w + cal > disp[k] - h or cake[k] + w + cal < disp[
                    k] + h:
                    poss = False
                else:
                    k += 1
            if poss:
                cake = decali(cake, cal)
            j += 1
    if poss:
        print('YES')
    else:
        print('NO')
",https://codeforces.com/problemset/problem/1786/B
ADSO_TEST_011,White-Black Balanced Subtrees,5,"dfs and similar, dp, graphs, trees","You are given a rooted tree consisting of n vertices numbered from 1 to n. The root is vertex 1. There is also a string s denoting the color of each vertex: if s_i = {B}, then vertex i is black, and if s_i = {W}, then vertex i is white.

A subtree of the tree is called balanced if the number of white vertices equals the number of black vertices. Count the number of balanced subtrees.

A tree is a connected undirected graph without cycles. A rooted tree is a tree with a selected vertex, which is called the root. In this problem, all trees have root 1.

The tree is specified by an array of parents a_2, \dots, a_n containing n-1 numbers: a_i is the parent of the vertex with the number i for all i = 2, \dots, n. The parent of a vertex u is a vertex that is the next vertex on a simple path from u to the root.

The subtree of a vertex u is the set of all vertices that pass through u on a simple path to the root. For example, in the picture below, 7 is in the subtree of 3 because the simple path 7 \to 5 \to 3 \to 1 passes through 3. Note that a vertex is included in its subtree, and the subtree of the root is the entire tree.

The picture shows the tree for n=7, a=[1,1,2,3,3,5], and s={WBBWWBW}. The subtree at the vertex 3 is balanced.","The first line of input contains an integer t (1 ≤ t ≤ 10^4) — the number of test cases.

The first line of each test case contains an integer n (2 ≤ n ≤ 4000) — the number of vertices in the tree.

The second line of each test case contains n-1 integers a_2, \dots, a_n (1 ≤ a_i < i) — the parents of the vertices 2, \dots, n.

The third line of each test case contains a string s of length n consisting of the characters {B} and {W} — the coloring of the tree.

It is guaranteed that the sum of the values n over all test cases does not exceed 2 ⋅ 10^5.","For each test case, output a single integer — the number of balanced subtrees.","import sys
import collections
import dataclasses


@dataclasses.dataclass
class BW:
    black: int
    white: int


def go(v, g, cnt, cols):
    for togo in g[v]:
        go(togo, g, cnt, cols)
        cnt[v].black += cnt[togo].black
        cnt[v].white += cnt[togo].white
    cnt[v].black += cols[v] == 'B'
    cnt[v].white += cols[v] == 'W'


def main():
    n = int(input())
    g = collections.defaultdict(list)
    q = [int(x) for x in input().split()]
    for i in range(1, n):
        g[q[i - 1]].append(i + 1)
    cnt = {(i + 1): BW(0, 0) for i in range(n)}
    colors = {(i + 1): c for i, c in enumerate(input())}
    go(1, g, cnt, colors)
    ans = 0
    for val in cnt.values():
        if val.black == val.white:
            ans += 1
    print(ans)


t = int(input())
for _ in range(t):
    main()
",https://codeforces.com/problemset/problem/1676/G
ADSO_TEST_012,Very Suspicious,9,"binary search, brute force, geometry, greedy, implementation, math","Sehr Sus is an infinite hexagonal grid as pictured below, controlled by MennaFadali, ZerooCool and Hosssam.

They love equilateral triangles and want to create n equilateral triangles on the grid by adding some straight lines. The triangles must all be empty from the inside (in other words, no straight line or hexagon edge should pass through any of the triangles).

You are allowed to add straight lines parallel to the edges of the hexagons. Given n, what is the minimum number of lines you need to add to create at least n equilateral triangles as described?

Adding two red lines results in two new yellow equilateral triangles.","The first line contains a single integer t (1 ≤ t ≤ 10^5) — the number of test cases. Then t test cases follow.

Each test case contains a single integer n (1 ≤ n ≤ 10^{9}) — the required number of equilateral triangles.","For each test case, print the minimum number of lines needed to have n or more equilateral triangles.","import sys
input = sys.stdin.readline
from bisect import bisect_left


def f(a, b, c):
    a, b, c = sorted((a, b, c))
    return b, a + 1, c, 2 * (b + c)


a, b, c = 0, 0, 0
dp = []
while not dp or dp[-1] < 1000000000.0:
    a, b, c, v = f(a, b, c)
    if not dp:
        dp.append(v)
    else:
        dp.append(dp[-1] + v)
for _ in range(int(input())):
    n = int(input())
    ans = bisect_left(dp, n)
    print(ans + 1)
",https://codeforces.com/problemset/problem/1670/D
ADSO_TEST_013,awoo's Favorite Problem,6,"binary search, constructive algorithms, data structures, greedy, implementation, strings, two pointers","You are given two strings s and t, both of length n. Each character in both string is 'a', 'b' or 'c'.

In one move, you can perform one of the following actions:

choose an occurrence of ""ab"" in s and replace it with ""ba"";

choose an occurrence of ""bc"" in s and replace it with ""cb"".

You are allowed to perform an arbitrary amount of moves (possibly, zero). Can you change string s to make it equal to string t?","The first line contains a single integer q (1 ≤ q ≤ 10^4) — the number of testcases.

The first line of each testcase contains a single integer n (1 ≤ n ≤ 10^5) — the length of strings s and t.

The second line contains string s of length n. Each character is 'a', 'b' or 'c'.

The third line contains string t of length n. Each character is 'a', 'b' or 'c'.

The sum of n over all testcases doesn't exceed 10^5.","For each testcase, print ""YES"" if you can change string s to make it equal to string t by performing an arbitrary amount of moves (possibly, zero). Otherwise, print ""NO"".","q = int(input())
for _ in range(q):
    n = int(input())
    s = input()
    t = input()
    ans = 'YES'
    cur = 0
    for i in range(n - 1):
        if s[i] == t[i]:
            continue
        if t[i] == 'a':
            ans = 'NO'
            break
        elif t[i] == 'b':
            try:
                ind = s.index('b', i + 1)
            except ValueError:
                ans = 'NO'
                break
            if s[i:ind] == 'a' * (ind - i):
                s = s[:i] + 'b' + 'a' * (ind - i) + s[ind + 1:]
            else:
                ans = 'NO'
                break
        else:
            try:
                ind = s.index('c', i + 1)
            except ValueError:
                ans = 'NO'
                break
            if s[i:ind] == 'b' * (ind - i):
                s = s[:i] + 'c' + 'b' * (ind - i) + s[ind + 1:]
            else:
                ans = 'NO'
                break
    if s[n - 1] != t[n - 1]:
        ans = 'NO'
    print(ans)
",https://codeforces.com/problemset/problem/1697/C
ADSO_TEST_014,GCD Partition,3,"brute force, greedy, math, number theory","While at Kira's house, Josuke saw a piece of paper on the table with a task written on it.

The task sounded as follows. There is an array a of length n. On this array, do the following:

select an integer k > 1;

split the array into k subsegments ^\dagger;

calculate the sum in each of k subsegments and write these sums to another array b (where the sum of the subsegment (l, r) is {\sum_{j = l}^{r}a_j});

the final score of such a split will be \gcd(b_1, b_2, ..., b_k)^\ddagger.

The task is to find such a partition that the score is maximum possible. Josuke is interested in this task but is not strong in computer science. Help him to find the maximum possible score.

^\dagger A division of an array into k subsegments is k pairs of numbers (l_1, r_1), (l_2, r_2), ..., (l_k, r_k) such that l_i ≤ r_i and for every 1 ≤ j ≤ k - 1 l_{j + 1} = r_j + 1, also l_1 = 1 and r_k = n. These pairs represent the subsegments.

^\ddagger \gcd(b_1, b_2, ..., b_k) stands for the

greatest common divisor (GCD)

of the array b.","The first line contains a single number t (1 ≤ t ≤ 10^4) — the number of test cases.

For each test case, the first line contains one integer n (2 ≤ n ≤ 2 ⋅ 10^5) — the length of the array a.

The second line contains n integers a_1, a_2, a_3, ..., a_n (1 ≤ a_i ≤ 10^9 ) — the array a itself.

It is guaranteed that the sum of n over all test cases does not exceed 2 ⋅ 10^5.",For each test case print a single integer — the maximum score for the optimal partition.,"from math import gcd
for _ in range(int(input())):
    n = int(input())
    a = [*map(int, input().split())]
    s = sum(a)
    ans = z = 0
    for i in a[:-1]:
        z += i
        ans = max(ans, gcd(z, s - z))
    print(ans)
",https://codeforces.com/problemset/problem/1780/B
ADSO_TEST_015,Equal Candies,0,"greedy, math, sortings","There are n boxes with different quantities of candies in each of them. The i-th box has a_i candies inside.

You also have n friends that you want to give the candies to, so you decided to give each friend a box of candies. But, you don't want any friends to get upset so you decided to eat some (possibly none) candies from each box so that all boxes have the same quantity of candies in them. Note that you may eat a different number of candies from different boxes and you cannot add candies to any of the boxes.

What's the minimum total number of candies you have to eat to satisfy the requirements?","The first line contains an integer t (1 ≤ t ≤ 1000) — the number of test cases.

The first line of each test case contains an integer n (1 ≤ n ≤ 50) — the number of boxes you have.

The second line of each test case contains n integers a_1, a_2, \dots, a_n (1 ≤ a_i ≤ 10^7) — the quantity of candies in each box.","For each test case, print a single integer denoting the minimum number of candies you have to eat to satisfy the requirements.","from sys import stdin, stdout
import collections
import math


def solve():
    return


def main():
    for _ in range(int(input())):
        n = int(input())
        l = list(map(int, input().split()))
        m = min(l)
        ans = sum([(i - m) for i in l])
        print(ans)
    return


input = stdin.readline
main()
",https://codeforces.com/problemset/problem/1676/B
ADSO_TEST_016,Different Differences,2,"constructive algorithms, greedy, math","An array a consisting of k integers is strictly increasing if a_1 < a_2 < \dots < a_k. For example, the arrays [1, 3, 5], [1, 2, 3, 4], [3, 5, 6] are strictly increasing; the arrays [2, 2], [3, 7, 5], [7, 4, 3], [1, 2, 2, 3] are not.

For a strictly increasing array a of k elements, let's denote the characteristic as the number of different elements in the array [a_2 - a_1, a_3 - a_2, \dots, a_k - a_{k-1}]. For example, the characteristic of the array [1, 3, 4, 7, 8] is 3 since the array [2, 1, 3, 1] contains 3 different elements: 2, 1 and 3.

You are given two integers k and n (k ≤ n). Construct an increasing array of k integers from 1 to n with maximum possible characteristic.","The first line contains one integer t (1 ≤ t ≤ 819) — the number of test cases.

Each test case consists of one line containing two integers k and n (2 ≤ k ≤ n ≤ 40).","For each test case, print k integers — the elements of the strictly increasing array a with the maximum possible characteristic. If there are multiple answers, print any of them.","for _ in range(int(input())):
    k, n = map(int, input().split())
    c = n - 1
    t = 2
    p = 1
    i = 0
    j = 0
    if k == n:
        for i in range(1, k + 1):
            print(i, end=' ')
    else:
        print(1, end=' ')
        for i in range(2, k + 1):
            if c - t >= k - i:
                print(p + t, end=' ')
                c = c - t
                p += t
                t += 1
            else:
                break
            j += 1
        for t in range(1, k - j):
            print(p + t, end=' ')
    print()
",https://codeforces.com/problemset/problem/1772/C
ADSO_TEST_017,Minimum Varied Number,0,greedy,"Find the minimum number with the given sum of digits s such that all digits in it are distinct (i.e. all digits are unique).

For example, if s=20, then the answer is 389. This is the minimum number in which all digits are different and the sum of the digits is 20 (3+8+9=20).

For the given s print the required number.","The first line contains an integer t (1 ≤ t ≤ 45) — the number of test cases.

Each test case is specified by a line that contains the only integer s (1 ≤ s ≤ 45).",Print t integers — the answers to the given test cases.,"t = int(input())
while t != 0:
    n = int(input())
    s = ''
    for j in range(9, 0, -1):
        if j <= n:
            n -= j
            s += str(j)
    print(s[::-1])
    t -= 1
",https://codeforces.com/problemset/problem/1714/C
ADSO_TEST_018,Lex String,0,"brute force, greedy, implementation, sortings, two pointers","Kuznecov likes art, poetry, and music. And strings consisting of lowercase English letters.

Recently, Kuznecov has found two strings, a and b, of lengths n and m respectively. They consist of lowercase English letters and no character is contained in both strings.

Let another string c be initially empty. Kuznecov can do the following two types of operations:

Choose any character from the string a, remove it from a, and add it to the end of c.

Choose any character from the string b, remove it from b, and add it to the end of c.

But, he can not do more than k operations of the same type in a row. He must perform operations until either a or b becomes empty. What is the lexicographically smallest possible value of c after he finishes?

A string x is lexicographically smaller than a string y if and only if one of the following holds:

x is a prefix of y, but x ≠ y;

in the first position where x and y differ, the string x has a letter that appears earlier in the alphabet than the corresponding letter in y.","There are several test cases in the input data. The first line contains a single integer t (1 ≤ t ≤ 100) — the number of test cases. This is followed by the test cases description.

The first line of each test case contains three integers n, m, and k (1≤ n,m,k ≤ 100) — parameters from the statement.

The second line of each test case contains the string a of length n.

The third line of each test case contains the string b of length m.

The strings contain only lowercase English letters. It is guaranteed that no symbol appears in a and b simultaneously.","In each test case, output a single string c — the answer to the problem.","from itertools import count
from typing import List, Optional
import collections as co
import copy


def solve(x, y, k):
    a = sorted(list(x))
    b = sorted(list(y))
    c = ''
    tomeA = 0
    tomeB = 0
    while len(a) > 0 and len(b) > 0:
        if (a[0] < b[0] or tomeB >= k) and tomeA < k:
            tomeA += 1
            tomeB = 0
            c += a[0]
            a = a[1:]
        elif (a[0] > b[0] or tomeA >= k) and tomeB < k:
            tomeB += 1
            tomeA = 0
            c += b[0]
            b = b[1:]
    return c


for _ in range(int(input())):
    a, b, k = list(map(int, input().split()))
    x = input()
    y = input()
    res = solve(x, y, k)
    print(res)
",https://codeforces.com/problemset/problem/1689/A
ADSO_TEST_019,Binary Strings are Fun,6,"combinatorics, math","A binary string^\dagger b of odd length m is good if b_i is the median^\ddagger of b[1,i]^\S for all odd indices i (1 ≤ i ≤ m).

For a binary string a of length k, a binary string b of length 2k-1 is an extension of a if b_{2i-1}=a_i for all i such that 1 ≤ i ≤ k. For example, 1001011 and 1101001 are extensions of the string 1001. String x=1011011 is not an extension of string y=1001 because x_3 ≠ y_2. Note that there are 2^{k-1} different extensions of a.

You are given a binary string s of length n. Find the sum of the number of good extensions over all prefixes of s. In other words, find \sum_{i=1}^{n} f(s[1,i]), where f(x) gives number of good extensions of string x. Since the answer can be quite large, you only need to find it modulo 998\,244\,353.

^\dagger A binary string is a string whose elements are either \mathtt{0} or \mathtt{1}.

^\ddagger For a binary string a of length 2m-1, the median of a is the (unique) element that occurs at least m times in a.

^\S a[l,r] denotes the string of length r-l+1 which is formed by the concatenation of a_l,a_{l+1},...,a_r in that order.","Each test contains multiple test cases. The first line contains the number of test cases t (1 ≤ t ≤ 10^4). The description of the test cases follows.

The first line of each test case contains a single integer n (1 ≤ n ≤ 2 ⋅ 10^5), where n is the length of the binary string s.

The second line of each test case contains the binary string s of length n.

It is guaranteed that the sum of n over all test cases does not exceed 2 ⋅ 10^5.","For each test case, print the answer modulo 998\,244\,353.","import sys
import collections
import math
MOD = int(1000000000.0) + 7
MOD = 998244353
inf = 1e+20
input = sys.stdin.readline


def f():
    n = int(input())
    s = input()
    pre = 0
    c = 0
    res = 0
    for i in range(n):
        if pre != s[i]:
            c = 1
        else:
            c *= 2
        c %= MOD
        res += c
        pre = s[i]
    return res % MOD


for case in range(int(input())):
    print(f())
",https://codeforces.com/problemset/problem/1762/C
ADSO_TEST_020,Playing with GCD,4,"math, number theory","You are given an integer array a of length n.

Does there exist an array b consisting of n+1 positive integers such that a_i=\gcd (b_i,b_{i+1}) for all i (1 ≤ i ≤ n)?

Note that \gcd(x, y) denotes the

greatest common divisor (GCD)

of integers x and y.","Each test contains multiple test cases. The first line contains the number of test cases t (1 ≤ t ≤ 10^5). Description of the test cases follows.

The first line of each test case contains an integer n (1 ≤ n ≤ 10^5) — the length of the array a.

The second line of each test case contains n space-separated integers a_1,a_2,...,a_n representing the array a (1 ≤ a_i ≤ 10^4).

It is guaranteed that the sum of n over all test cases does not exceed 10^5.","For each test case, output ""YES"" if such b exists, otherwise output ""NO"". You can print each letter in any case (upper or lower).","import math
n = int(input())
for i in range(0, n):
    x = int(input())
    a = list(map(int, input().split()))
    if len(a) == 1:
        print('YES')
    else:
        bl = True
        for k in range(0, len(a) - 2):
            if a[k + 1] % math.gcd(a[k], a[k + 2]) != 0:
                bl = False
                print('NO')
                break
        if bl:
            print('YES')
",https://codeforces.com/problemset/problem/1736/B
ADSO_TEST_021,Ela Sorting Books,1,"greedy, implementation, strings","Ela loves reading a lot, just like her new co-workers in DTL! On her first day after becoming an engineer in DTL, she is challenged by a co-worker to sort a heap of books into different compartments on the shelf.

n books must be split into k compartments on the bookshelf (n is divisible by k). Each book is represented by a lowercase Latin letter from 'a' to 'y' inclusively, which is the beginning letter in the title of the book.

Ela must stack exactly \frac{n}{k} books in each compartment. After the books are stacked, for each compartment indexed from 1 to k, she takes the minimum excluded (MEX) letter of the multiset of letters formed by letters representing all books in that compartment, then combines the resulting letters into a string. The first letter of the resulting string is the MEX letter of the multiset of letters formed by the first compartment, the second letter of the resulting string is the MEX letter of the multiset of letters formed by the second compartment, ... and so on. Please note, under the constraint of this problem, MEX letter can always be determined for any multiset found in this problem because 'z' is not used.

What is the lexicographically greatest resulting string possible that Ela can create?

A string a is lexicographically greater than a string b if and only if one of the following holds:

b is a prefix of a, but b \ne a;

in the first position where a and b differ, the string a has a letter that appears later in the alphabet than the corresponding letter in b.

The minimum excluded (MEX) letter of a multiset of letters is the letter that appears earliest in the alphabet and is not contained in the multiset. For example, if a multiset of letters contains 7 letters 'b', 'a', 'b', 'c', 'e', 'c', 'f' respectively, then the MEX letter of this compartment is 'd', because 'd' is not included in the multiset, and all letters comes before 'd' in the alphabet, namely 'a', 'b' and 'c', are included in the multiset.","Each test contains multiple test cases. The first line contains the number of test cases t (1 ≤ t ≤ 100). Description of the test cases follows.

The first line of each test case contains two integers n and k (1 ≤ n ≤ 200; 1 ≤ k ≤ n). It is guaranteed that n is divisible by k.

The second line of each test case contains a string of n lowercase Latin letters from 'a' to 'y' inclusively. Each letter represents the starting letter of the title of a book in the initial heap.

It is guaranteed that the sum of n over all test cases does not exceed 1000.","For each test case, output a string of k letters which is the most optimal string that Ela can find.","def helper(s, k):
    from collections import Counter
    h = Counter(s)
    import string
    lst = list(string.ascii_lowercase)
    s = sorted(s)
    r = len(s) // k
    ans = ''
    for i in range(k):
        rem = r
        prev = []
        br = ''
        for word in lst:
            if rem == 0:
                br = word
                break
            if h.get(word) != None and h[word] > 0:
                h[word] -= 1
                rem -= 1
                prev.append(word)
            elif h.get(word) == None or h[word] == 0:
                br = word
                break
        ans += br
    return ''.join(sorted(ans, reverse=True))


for i in range(int(input())):
    arr = list(map(int, input().split()))
    k = arr[1]
    print(helper(input(), k))
",https://codeforces.com/problemset/problem/1737/A
ADSO_TEST_022,Print a Pedestal (Codeforces logo?),0,"constructive algorithms, greedy","Given the integer n — the number of available blocks. You must use all blocks to build a pedestal.

The pedestal consists of 3 platforms for 2-nd, 1-st and 3-rd places respectively. The platform for the 1-st place must be strictly higher than for the 2-nd place, and the platform for the 2-nd place must be strictly higher than for the 3-rd place. Also, the height of each platform must be greater than zero (that is, each platform must contain at least one block).

Example pedestal of n=11 blocks: second place height equals 4 blocks, first place height equals 5 blocks, third place height equals 2 blocks.

Among all possible pedestals of n blocks, deduce one such that the platform height for the 1-st place minimum as possible. If there are several of them, output any of them.","The first line of input data contains an integer t (1 ≤ t ≤ 10^4) — the number of test cases.

Each test case contains a single integer n (6 ≤ n ≤ 10^5) — the total number of blocks for the pedestal. All n blocks must be used.

It is guaranteed that the sum of n values over all test cases does not exceed 10^6.","For each test case, output 3 numbers h_2, h_1, h_3 — the platform heights for 2-nd, 1-st and 3-rd places on a pedestal consisting of n blocks (h_1+h_2+h_3=n, 0 < h_3 < h_2 < h_1).

Among all possible pedestals, output the one for which the value of h_1 minimal. If there are several of them, output any of them.","t = int(input())
resl = []
for k in range(t):
    n = int(input())
    f = n // 2 + 1
    s = f - 1
    t = n - f - s
    if t <= 0:
        t += 2
        s -= 1
        f -= 1
    if t == s:
        t -= 1
        s += 1
    if f == s:
        s -= 1
        f += 1
    while f - 1 > 0 and s - 1 > 0 and f - 1 > s - 1 > t + 2:
        f -= 1
        s -= 1
        t += 2
    resl.append((s, f, t))
for m in resl:
    print(m[0], m[1], m[2])
",https://codeforces.com/problemset/problem/1690/A
ADSO_TEST_023,Minimum Notation,4,"data structures, greedy, math, sortings","You have a string s consisting of digits from 0 to 9 inclusive. You can perform the following operation any (possibly zero) number of times:

You can choose a position i and delete a digit d on the i-th position. Then insert the digit \min{(d + 1, 9)} on any position (at the beginning, at the end or in between any two adjacent digits).

What is the lexicographically smallest string you can get by performing these operations?

A string a is lexicographically smaller than a string b of the same length if and only if the following holds:

in the first position where a and b differ, the string a has a smaller digit than the corresponding digit in b.","The first line contains a single integer t (1 ≤ t ≤ 10^4) — the number of test cases. Then the test cases follow.

Each test case consists of a single line that contains one string s (1 ≤ |s| ≤ 2 ⋅ 10^5) — the string consisting of digits. Please note that s is just a string consisting of digits, so leading zeros are allowed.

It is guaranteed that the sum of lengths of s over all test cases does not exceed 2 ⋅ 10^5.",Print a single string — the minimum string that is possible to obtain.,"import heapq
from collections import deque, Counter
for _ in range(int(input())):
    s = input()
    ans = []
    words = deque(s)
    c = Counter(s)
    ans = []
    for i in range(10):
        while words and str(i) in c and c[str(i)] != 0:
            w = words.popleft()
            if w == str(i):
                c[str(i)] -= 1
                heapq.heappush(ans, w)
            else:
                c[w] -= 1
                heapq.heappush(ans, str(min(int(w) + 1, 9)))
    print(''.join(sorted(ans)))
",https://codeforces.com/problemset/problem/1730/C
ADSO_TEST_024,Another String Minimization Problem,0,"2-sat, constructive algorithms, greedy, string suffix structures, strings","You have a sequence a_1, a_2, ..., a_n of length n, consisting of integers between 1 and m. You also have a string s, consisting of m characters B.

You are going to perform the following n operations.

At the i-th (1 ≤ i ≤ n) operation, you replace either the a_i-th or the (m + 1 - a_i)-th character of s with A. You can replace the character at any position multiple times through the operations.

Find the lexicographically smallest string you can get after these operations.

A string x is lexicographically smaller than a string y of the same length if and only if in the first position where x and y differ, the string x has a letter that appears earlier in the alphabet than the corresponding letter in y.","The first line contains the number of test cases t (1 ≤ t ≤ 2000).

The first line of each test case contains two integers n and m (1 ≤ n, m ≤ 50) — the length of the sequence a and the length of the string s respectively.

The second line contains n integers a_1, a_2, ..., a_n (1 ≤ a_i ≤ m) — the sequence a.","For each test case, print a string of length m — the lexicographically smallest string you can get. Each character of the string should be either capital English letter A or capital English letter B.","t = int(input())
for _ in range(t):
    a, b = map(int, input().split())
    arr = list(map(int, input().split()))
    star = ['B' for x in range(b)]
    for i, x in enumerate(arr):
        mini, maxi = min(x - 1, b - x), max(x - 1, b - x)
        if star[mini] == 'B':
            star[mini] = 'A'
        elif star[maxi] == 'B':
            star[maxi] = 'A'
    print(''.join(star))
",https://codeforces.com/problemset/problem/1706/A
ADSO_TEST_025,Decode String,0,"greedy, strings","Polycarp has a string s consisting of lowercase Latin letters.

He encodes it using the following algorithm.

He goes through the letters of the string s from left to right and for each letter Polycarp considers its number in the alphabet:

if the letter number is single-digit number (less than 10), then just writes it out;

if the letter number is a two-digit number (greater than or equal to 10), then it writes it out and adds the number 0 after.

For example, if the string s is code, then Polycarp will encode this string as follows:

'c' — is the 3-rd letter of the alphabet. Consequently, Polycarp adds 3 to the code (the code becomes equal to 3);

'o' — is the 15-th letter of the alphabet. Consequently, Polycarp adds 15 to the code and also 0 (the code becomes 3150);

'd' — is the 4-th letter of the alphabet. Consequently, Polycarp adds 4 to the code (the code becomes 31504);

'e' — is the 5-th letter of the alphabet. Therefore, Polycarp adds 5 to the code (the code becomes 315045).

Thus, code of string code is 315045.

You are given a string t resulting from encoding the string s. Your task is to decode it (get the original string s by t).","The first line of the input contains an integer q (1 ≤ q ≤ 10^4) — the number of test cases in the input.

The descriptions of the test cases follow.

The first line of description of each test case contains one integer n (1 ≤ n ≤ 50) — the length of the given code.

The second line of the description of each test case contains a string t of length n — the given code. It is guaranteed that there exists such a string of lowercase Latin letters, as a result of encoding which the string t is obtained.",For each test case output the required string s — the string that gives string t as the result of encoding. It is guaranteed that such a string always exists. It can be shown that such a string is always unique.,"for _ in range(int(input())):
    input()
    s = input()
    n = ''
    i = len(s) - 1
    while i >= 0:
        if s[i] == '0':
            asc = int(s[i - 2] + s[i - 1])
            n += chr(asc + 96)
            i += -3
        else:
            n += chr(int(s[i]) + 96)
            i += -1
    print(n[::-1])
",https://codeforces.com/problemset/problem/1729/B
ADSO_TEST_026,Divisibility by 2^n,4,"greedy, math, sortings","You are given an array of positive integers a_1, a_2, ..., a_n.

Make the product of all the numbers in the array (that is, a_1 ⋅ a_2 ⋅ ... ⋅ a_n) divisible by 2^n.

You can perform the following operation as many times as you like:

select an arbitrary index i (1 ≤ i ≤ n) and replace the value a_i with a_i=a_i ⋅ i.

You cannot apply the operation repeatedly to a single index. In other words, all selected values of i must be different.

Find the smallest number of operations you need to perform to make the product of all the elements in the array divisible by 2^n. Note that such a set of operations does not always exist.","The first line of the input contains a single integer t (1 ≤ t ≤ 10^4) — the number test cases.

Then the descriptions of the input data sets follow.

The first line of each test case contains a single integer n (1 ≤ n ≤ 2 ⋅ 10^5) — the length of array a.

The second line of each test case contains exactly n integers: a_1, a_2, ..., a_n (1 ≤ a_i ≤ 10^9).

It is guaranteed that the sum of n values over all test cases in a test does not exceed 2 ⋅ 10^5.","For each test case, print the least number of operations to make the product of all numbers in the array divisible by 2^n. If the answer does not exist, print -1.","import math
import collections
import bisect
import heapq
from collections import deque
from math import sqrt, ceil, floor


def inp_arr():
    return list(map(int, input().strip().split(' ')))


def inp_str_arr():
    return list(input().strip().split(' '))


def inp_str():
    return input()


def cal_2s(n):
    cnt = 0
    while n % 2 == 0:
        cnt += 1
        n = n // 2
    return cnt


def solve():
    n, = inp_arr()
    a = inp_arr()
    cnt = 0
    for x in a:
        cnt += cal_2s(x)
    if cnt >= n:
        print(0)
        return
    lis = []
    for i in range(1, n + 1):
        lis.append(cal_2s(i))
    lis.sort(reverse=True)
    need = n - cnt
    ans = 0
    i = 0
    while need > 0 and i < n:
        ans += 1
        need = need - lis[i]
        i += 1
    if need > 0:
        print(-1)
        return
    print(ans)


tt, = inp_arr()
for t in range(tt):
    solve()
",https://codeforces.com/problemset/problem/1744/D
ADSO_TEST_027,Two Groups,0,"constructive algorithms, greedy","You are given an array a consisting of n integers. You want to distribute these n integers into two groups s_1 and s_2 (groups can be empty) so that the following conditions are satisfied:

For each i (1 ≤ i ≤ n), a_i goes into exactly one group.

The value |sum(s_1)| - |sum(s_2)| is the maximum possible among all such ways to distribute the integers.

Here sum(s_1) denotes the sum of the numbers in the group s_1, and sum(s_2) denotes the sum of the numbers in the group s_2.

Determine the maximum possible value of |sum(s_1)| - |sum(s_2)|.","The input consists of multiple test cases. The first line contains a single integer t (1 ≤ t ≤ 2 ⋅ 10^4)  — the number of test cases. The description of the test cases follows.

The first line of each test case contains a single integer n (1 ≤ n ≤ 10^5)  — the length of the array a.

The second line of each test case contains n integers a_1,a_2 ... a_n (-10^9 ≤ a_i ≤ 10^9)  — elements of the array a.

It is guaranteed that the sum of n over all test cases does not exceed 2⋅ 10^5.","For each test case, output a single integer  — the maximum possible value of |sum(s_1)| - |sum(s_2)|.","t = int(input())
l1 = []
for _ in range(t):
    n = int(input())
    l = sorted(list(map(int, input().split())))
    s1 = []
    s2 = []
    for i in range(n):
        if abs(l[i]) == l[i]:
            s1.append(l[i])
        else:
            s2.append(l[i])
    if s2 == []:
        l1.append(abs(sum(s1)))
        continue
    if s1 == []:
        l1.append(abs(sum(s2)))
        continue
    s = abs(sum(s1)) - abs(sum(s2))
    if s < 0:
        l2 = s1
        s1 = s2
        s2 = l2
        s = abs(s)
    ok = True
    while ok == True:
        s1.append(s2[len(s2) - 1])
        del s2[len(s2) - 1]
        if abs(sum(s1)) - abs(sum(s2)) > s:
            s = abs(sum(s1)) - abs(sum(s2))
        else:
            s2.append(s1[len(s1) - 1])
            del s1[len(s1) - 1]
            ok = False
    l1.append(abs(sum(s1)) - abs(sum(s2)))
for i in l1:
    print(i)
",https://codeforces.com/problemset/problem/1747/A
ADSO_TEST_028,Atilla's Favorite Problem,0,"greedy, implementation, strings","In order to write a string, Atilla needs to first learn all letters that are contained in the string.

Atilla needs to write a message which can be represented as a string s. He asks you what is the minimum alphabet size required so that one can write this message.

The alphabet of size x (1 ≤ x ≤ 26) contains only the first x Latin letters. For example an alphabet of size 4 contains only the characters {a}, {b}, {c} and {d}.","The first line contains a single integer t (1 ≤ t ≤ 1000) — the number of test cases.

The first line of each test case contains a single integer n (1 ≤ n ≤ 100) — the length of the string.

The second line of each test case contains a string s of length n, consisting of lowercase Latin letters.","For each test case, output a single integer — the minimum alphabet size required to so that Atilla can write his message s.","t = int(input())


def res(s):
    t = []
    for i in s:
        t.append(i)
    t.sort()
    t.reverse()
    return t[0]


o = []
d = 'abcdefghijklmnopqrstuvwxyz'
for i in range(t):
    n = int(input())
    s = input()
    y = res(s)
    k = d.index(y)
    o.append(k)
for i in o:
    print(i + 1)
",https://codeforces.com/problemset/problem/1760/B
ADSO_TEST_029,Chopping Carrots (Easy Version),9,"binary search, brute force, constructive algorithms, greedy, number theory","This is the easy version of the problem. The only difference between the versions is the constraints on n, k, a_i, and the sum of n over all test cases. You can make hacks only if both versions of the problem are solved.

Note the unusual memory limit.

You are given an array of integers a_1, a_2, ..., a_n of length n, and an integer k.

The cost of an array of integers p_1, p_2, ..., p_n of length n is \max\limits_{1 ≤ i ≤ n}≤ft(≤ft \lfloor \frac{a_i}{p_i} \right \rfloor \right) - \min\limits_{1 ≤ i ≤ n}≤ft(≤ft \lfloor \frac{a_i}{p_i} \right \rfloor \right).

Here, \lfloor \frac{x}{y} \rfloor denotes the integer part of the division of x by y. Find the minimum cost of an array p such that 1 ≤ p_i ≤ k for all 1 ≤ i ≤ n.","The first line contains a single integer t (1 ≤ t ≤ 100) — the number of test cases.

The first line of each test case contains two integers n and k (1 ≤ n, k ≤ 3000).

The second line contains n integers a_1, a_2, ..., a_n (1 ≤ a_1 ≤ a_2 ≤ ... ≤ a_n ≤ 3000).

It is guaranteed that the sum of n over all test cases does not exceed 3000.","For each test case, print a single integer — the minimum possible cost of an array p satisfying the condition above.","t = int(input())
for _ in range(t):
    n, k = map(int, input().split())
    a = list(map(int, input().split()))
    ans = 10 ** 9
    print(min(max(x // min(k, x // u) for x in a) - u for u in range(1, a[0
        ] + 1)))
",https://codeforces.com/problemset/problem/1706/D1
ADSO_TEST_030,Doremy's Paint,0,greedy,"Doremy has n buckets of paint which is represented by an array a of length n. Bucket i contains paint with color a_i.

Let c(l,r) be the number of distinct elements in the subarray [a_l,a_{l+1},...,a_r]. Choose 2 integers l and r such that l ≤ r and r-l-c(l,r) is maximized.","The input consists of multiple test cases. The first line contains a single integer t (1≤ t≤ 10^4)  — the number of test cases. The description of the test cases follows.

The first line of each test case contains a single integer n (1 ≤ n ≤ 10^5) — the length of the array a.

The second line of each test case contains n integers a_1,a_2,...,a_n (1 ≤ a_i ≤ n).

It is guaranteed that the sum of n does not exceed 10^5.","For each test case, output l and r such that l ≤ r and r-l-c(l,r) is maximized.

If there are multiple solutions, you may output any.","for i in [*open(0)][1::2]:
    print(1, i)
",https://codeforces.com/problemset/problem/1764/A
ADSO_TEST_031,Shoe Shuffling,2,"constructive algorithms, greedy, implementation, two pointers","A class of students got bored wearing the same pair of shoes every day, so they decided to shuffle their shoes among themselves. In this problem, a pair of shoes is inseparable and is considered as a single object.

There are n students in the class, and you are given an array s in non-decreasing order, where s_i is the shoe size of the i-th student. A shuffling of shoes is valid only if no student gets their own shoes and if every student gets shoes of size greater than or equal to their size.

You have to output a permutation p of \{1,2,...,n\} denoting a valid shuffling of shoes, where the i-th student gets the shoes of the p_i-th student (p_i \ne i). And output -1 if a valid shuffling does not exist.

A permutation is an array consisting of n distinct integers from 1 to n in arbitrary order. For example, [2,3,1,5,4] is a permutation, but [1,2,2] is not a permutation (2 appears twice in the array) and [1,3,4] is also not a permutation (n=3 but there is 4 in the array).","Each test contains multiple test cases. The first line contains a single integer t (1 ≤ t ≤ 1000) — the number of test cases. Description of the test cases follows.

The first line of each test case contains a single integer n (1≤ n≤10^5) — the number of students.

The second line of each test case contains n integers s_1, s_2,...,s_n (1≤ s_i≤10^9, and for all 1≤ i<n, s_i≤ s_{i+1}) — the shoe sizes of the students.

It is guaranteed that the sum of n over all test cases does not exceed 10^5.","For each test case, print the answer in a single line using the following format.

If a valid shuffling does not exist, print the number -1 as the answer.

If a valid shuffling exists, print n space-separated integers — a permutation p of 1,2,...,n denoting a valid shuffling of shoes where the i-th student gets the shoes of the p_i-th student. If there are multiple answers, then print any of them.","def inlt():
    return list(map(int, input().split()))


n = eval(input())
for i in range(n):
    n2 = eval(input())
    test = inlt()
    indexx = []
    for m in range(n2):
        indexx.append(m + 1)
    f = 'yes'
    for k in range(n2 - 1):
        if test[-k - 1] == test[-k - 2]:
            indexx[-k - 1], indexx[-k - 2] = indexx[-k - 2], indexx[-k - 1]
    for k in range(0, n2):
        if indexx[k] == k + 1:
            f = 'no'
            break
    if f == 'yes':
        print(*indexx, sep=' ')
    else:
        print(-1)
",https://codeforces.com/problemset/problem/1691/B
ADSO_TEST_032,Cake Assembly Line,5,"brute force, sortings","A cake assembly line in a bakery was once again optimized, and now n cakes are made at a time! In the last step, each of the n cakes should be covered with chocolate.

Consider a side view on the conveyor belt, let it be a number line. The i-th cake occupies the segment [a_i - w, a_i + w] on this line, each pair of these segments does not have common points. Above the conveyor, there are n dispensers, and when a common button is pressed, chocolate from the i-th dispenser will cover the conveyor segment [b_i - h, b_i + h]. Each pair of these segments also does not have common points.

Cakes and dispensers corresponding to the first example.

The calibration of this conveyor belt part has not yet been performed, so you are to make it. Determine if it's possible to shift the conveyor so that each cake has some chocolate on it, and there is no chocolate outside the cakes. You can assume that the conveyour is long enough, so the cakes never fall. Also note that the button can only be pressed once.

In the first example we can shift the cakes as shown in the picture.","Each test contains multiple test cases. The first line contains the number of test cases t (1 ≤ t ≤ 10^5). The description of the test cases follows.

The first line of each test case contains three integers n, w, and h (1 ≤ n ≤ 10^5; 1 ≤ w, h ≤ 10^5; h ≤ w) — the number of cakes and dispensers, as well as the halfwidths of cakes and segments on which the chocolate is dispensed.

The second line contains n integers a_1, a_2, ..., a_n (1 ≤ a_i ≤ 10^9) — the positions of the cakes centers. It is guaranteed that a_i + w < a_{i + 1} - w for all i.

The third line contains n integers b_1, b_2, ..., b_n (1 ≤ b_i ≤ 10^9) — the positions of the dispensers. It is guaranteed that b_i + h < b_{i + 1} - h for all i.

It is guaranteed that the sum of n over all test cases does not exceed 10^5.","For each test case output ""YES"", if it's possible to shift the conveyor in such a way that each cake ends up with some chocolate, and no chocolate is outside the cakes, and ""NO"" otherwise.

You can output the answer in any case (upper or lower). For example, the strings ""yEs"", ""yes"", ""Yes"", and ""YES"" will be recognized as positive responses.","def solve(a, b, w, h):
    r1 = [0] * len(a)
    r2 = [0] * len(a)
    for ni in range(n):
        r1[ni] = b[ni] - h - (a[ni] - w)
        r2[ni] = a[ni] + w - (b[ni] + h)
    minr1 = min(r1)
    minr2 = min(r2)
    if minr1 + minr2 >= 0:
        return 'YES'
    return 'NO'


t = int(input())
ans = []
for ti in range(t):
    n, w, h = [int(x) for x in input().split()]
    a = [int(x) for x in input().split()]
    b = [int(x) for x in input().split()]
    ans.append(solve(a, b, w, h))
for a in ans:
    print(a)
",https://codeforces.com/problemset/problem/1786/B
ADSO_TEST_033,Burenka Plays with Fractions,1,"math, number theory","Burenka came to kindergarden. This kindergarten is quite strange, so each kid there receives two fractions (\frac{a}{b} and \frac{c}{d}) with integer numerators and denominators. Then children are commanded to play with their fractions.

Burenka is a clever kid, so she noticed that when she claps once, she can multiply numerator or denominator of one of her two fractions by any integer of her choice (but she can't multiply denominators by 0). Now she wants know the minimal number of claps to make her fractions equal (by value). Please help her and find the required number of claps!","The first line contains one integer t (1 ≤ t ≤ 10^4) — the number of test cases. Then follow the descriptions of each test case.

The only line of each test case contains four integers a, b, c and d (0 ≤ a, c ≤ 10^9, 1 ≤ b, d ≤ 10^9) — numerators and denominators of the fractions given to Burenka initially.",For each test case print a single integer — the minimal number of claps Burenka needs to make her fractions equal.,"t = int(input())
while t:
    t -= 1
    a, b, c, d = map(int, input().split())
    x = b * c
    y = a * d
    if x == y:
        print('0')
    elif x == 0 or y == 0:
        print('1')
    elif x == 1 or y == 1 or x % y == 0 or y % x == 0:
        print('1')
    else:
        print(2)
",https://codeforces.com/problemset/problem/1720/A
ADSO_TEST_034,Very Suspicious,9,"binary search, brute force, geometry, greedy, implementation, math","Sehr Sus is an infinite hexagonal grid as pictured below, controlled by MennaFadali, ZerooCool and Hosssam.

They love equilateral triangles and want to create n equilateral triangles on the grid by adding some straight lines. The triangles must all be empty from the inside (in other words, no straight line or hexagon edge should pass through any of the triangles).

You are allowed to add straight lines parallel to the edges of the hexagons. Given n, what is the minimum number of lines you need to add to create at least n equilateral triangles as described?

Adding two red lines results in two new yellow equilateral triangles.","The first line contains a single integer t (1 ≤ t ≤ 10^5) — the number of test cases. Then t test cases follow.

Each test case contains a single integer n (1 ≤ n ≤ 10^{9}) — the required number of equilateral triangles.","For each test case, print the minimum number of lines needed to have n or more equilateral triangles.","import sys, math
input = sys.stdin.readline
for _ in range(int(input())):
    print(math.ceil(math.sqrt(3 / 2 * int(input()))))
",https://codeforces.com/problemset/problem/1670/D
ADSO_TEST_035,Build Permutation,4,"constructive algorithms, dp, math","A \mathbf{0}-indexed array a of size n is called good if for all valid indices i (0 ≤ i ≤ n-1), a_i + i is a perfect square^\dagger.

Given an integer n. Find a permutation^\ddagger p of [0,1,2,...,n-1] that is good or determine that no such permutation exists.

^\dagger An integer x is said to be a perfect square if there exists an integer y such that x = y^2.

^\ddagger An array b is a permutation of an array a if b consists of the elements of a in arbitrary order. For example, [4,2,3,4] is a permutation of [3,2,4,4] while [1,2,2] is not a permutation of [1,2,3].","The first line contains a single integer t (1 ≤ t ≤ 10^4) — the number of test cases.

The only line of each test case contains a single integer n (1 ≤ n ≤ 10^5) — the length of the permutation p.

It is guaranteed that the sum of n over all test cases does not exceed 10^5.","For each test case, output n distinct integers p_0, p_1, \dots, p_{n-1} (0 ≤ p_i ≤ n-1) — the permutation p — if the answer exists, and -1 otherwise.","from bisect import bisect_left as bl
x = []
for i in range(2 * 10 ** 5 + 1):
    x.append(i ** 2)
for pratyush in range(int(input())):
    n, a = int(input()), []
    for i in range(n):
        a.append(i)
    i = n - 1
    b = a.copy()
    while i >= 0:
        h, t = a[i], bl(x, a[i], lo=0, hi=len(x))
        f = t ** 2
        g = f - h
        b = b[:g] + b[g:h + 1][::-1] + b[h + 1:]
        i = g - 1
    print(*b)
",https://codeforces.com/problemset/problem/1713/C
ADSO_TEST_036,2^Sort,6,"data structures, dp, sortings, two pointers","Given an array a of length n and an integer k, find the number of indices 1 ≤ i ≤ n - k such that the subarray [a_i, \dots, a_{i+k}] with length k+1 (not with length k) has the following property:

If you multiply the first element by 2^0, the second element by 2^1, ..., and the (k+1)-st element by 2^k, then this subarray is sorted in strictly increasing order.

More formally, count the number of indices 1 ≤ i ≤ n - k such that 2^0 ⋅ a_i < 2^1 ⋅ a_{i+1} < 2^2 ⋅ a_{i+2} < \dots < 2^k ⋅ a_{i+k}.","The first line contains an integer t (1 ≤ t ≤ 1000) — the number of test cases.

The first line of each test case contains two integers n, k (3 ≤ n ≤ 2 ⋅ 10^5, 1 ≤ k < n) — the length of the array and the number of inequalities.

The second line of each test case contains n integers a_1, a_2, \dots, a_n (1 ≤ a_i ≤ 10^9) — the elements of the array.

The sum of n across all test cases does not exceed 2 ⋅ 10^5.","For each test case, output a single integer — the number of indices satisfying the condition in the statement.","from collections import Counter, deque
from collections import OrderedDict
import math
from random import randint
from bisect import bisect
import sys
import re
MOD = 10 ** 9 + 7
MAX = sys.maxsize
MIN = -sys.maxsize


class get:

    def int():
        return list(map(int, input().split()))

    def str():
        return input().split()

    def float():
        return list(map(float, input().split()))

    def map():
        return map(int, input().split())


def sqrt(x):
    return int(math.sqrt(x)) + 1


def gcd(*args):
    result = args[0]
    for item in args:
        result = math.gcd(result, item)
    return result


def LCM(a, b):
    return a * b // math.gcd(a, b)


def isPrime(n):
    if n == 1:
        return False
    for i in range(2, sqrt(n)):
        if n % i == 0:
            return False
    return True


def solve():
    n, k = get.map()
    arr = get.int()
    true = []
    for i in range(n - 1):
        if arr[i + 1] * 2 > arr[i]:
            true.append(True)
        else:
            true.append(False)
    count = []
    c = 0
    for item in true:
        if item:
            c += 1
        elif c != 0:
            count.append(c)
            c = 0
    if c != 0:
        count.append(c)
    res = 0
    for i in count:
        if i >= k:
            res += i - k + 1
    print(res)


t = int(input())
for tt in range(t):
    solve()
",https://codeforces.com/problemset/problem/1692/G
ADSO_TEST_037,Another String Minimization Problem,0,"2-sat, constructive algorithms, greedy, string suffix structures, strings","You have a sequence a_1, a_2, ..., a_n of length n, consisting of integers between 1 and m. You also have a string s, consisting of m characters B.

You are going to perform the following n operations.

At the i-th (1 ≤ i ≤ n) operation, you replace either the a_i-th or the (m + 1 - a_i)-th character of s with A. You can replace the character at any position multiple times through the operations.

Find the lexicographically smallest string you can get after these operations.

A string x is lexicographically smaller than a string y of the same length if and only if in the first position where x and y differ, the string x has a letter that appears earlier in the alphabet than the corresponding letter in y.","The first line contains the number of test cases t (1 ≤ t ≤ 2000).

The first line of each test case contains two integers n and m (1 ≤ n, m ≤ 50) — the length of the sequence a and the length of the string s respectively.

The second line contains n integers a_1, a_2, ..., a_n (1 ≤ a_i ≤ m) — the sequence a.","For each test case, print a string of length m — the lexicographically smallest string you can get. Each character of the string should be either capital English letter A or capital English letter B.","t = int(input())
for i in range(t):
    m, n = map(int, input().split())
    arr = list(map(int, input().strip().split()))[:m]
    str1 = 'B' * n
    for j in arr:
        x = n + 1 - j
        y = min(j, x)
        z = max(j, x)
        str2 = 'A'
        if str1[y - 1] == 'B':
            str1 = str1[:y - 1] + str2[0:] + str1[y:]
        else:
            str1 = str1[:z - 1] + str2[0:] + str1[z:]
    print(str1)
",https://codeforces.com/problemset/problem/1706/A
ADSO_TEST_038,Jatayu's Balanced Bracket Sequence,5,"data structures, dsu, graphs, greedy","Last summer, Feluda gifted Lalmohan-Babu a balanced bracket sequence s of length 2 n.

Topshe was bored during his summer vacations, and hence he decided to draw an undirected graph of 2 n vertices using the balanced bracket sequence s. For any two distinct vertices i and j (1 ≤ i < j ≤ 2 n), Topshe draws an edge (undirected and unweighted) between these two nodes if and only if the subsegment s[i ... j] forms a balanced bracket sequence.

Determine the number of connected components in Topshe's graph.

See the Notes section for definitions of the underlined terms.","Each test contains multiple test cases. The first line contains a single integer t (1 ≤ t ≤ 10^5) — the number of test cases. Description of the test cases follows.

The first line of each test case contains a single integer n (1 ≤ n ≤ 10^5) — the number of opening brackets in string s.

The second line of each test case contains a string s of length 2 n — a balanced bracket sequence consisting of n opening brackets ""("", and n closing brackets "")"".

It is guaranteed that the sum of n over all test cases does not exceed 10^5.","For each test case, output a single integer — the number of connected components in Topshe's graph.","t = int(input())
for i in range(t):
    n = int(input())
    s = input()
    stack = []
    ans = 0
    for i in range(len(s) - 1):
        if s[i] == ')' and s[i + 1] == ')':
            ans += 1
    print(ans + 1)
",https://codeforces.com/problemset/problem/1726/C
ADSO_TEST_039,Minimum LCM,2,"math, number theory","You are given an integer n.

Your task is to find two positive (greater than 0) integers a and b such that a+b=n and the least common multiple (LCM) of a and b is the minimum among all possible values of a and b. If there are multiple answers, you can print any of them.","The first line contains a single integer t (1 ≤ t ≤ 100) — the number of test cases.

The first line of each test case contains a single integer n (2 ≤ n ≤ 10^9).","For each test case, print two positive integers a and b — the answer to the problem. If there are multiple answers, you can print any of them.","def prime(c):
    for i in range(2, int(c ** 0.5) + 1):
        if c % i == 0:
            return c // i
    return 1


for _ in range(int(input())):
    a = int(input())
    b = prime(a)
    print(b, a - b)
",https://codeforces.com/problemset/problem/1765/M
ADSO_TEST_040,Prof. Slim,0,"greedy, implementation, sortings","One day Prof. Slim decided to leave the kingdom of the GUC to join the kingdom of the GIU. He was given an easy online assessment to solve before joining the GIU. Citizens of the GUC were happy sad to see the prof leaving, so they decided to hack into the system and change the online assessment into a harder one so that he stays at the GUC. After a long argument, they decided to change it into the following problem.

Given an array of n integers a_1,a_2,...,a_n, where a_{i} ≠ 0, check if you can make this array sorted by using the following operation any number of times (possibly zero). An array is sorted if its elements are arranged in a non-decreasing order.

select two indices i and j (1 ≤ i,j ≤ n) such that a_i and a_j have different signs. In other words, one must be positive and one must be negative.

swap the signs of a_{i} and a_{j}. For example if you select a_i=3 and a_j=-2, then they will change to a_i=-3 and a_j=2.

Prof. Slim saw that the problem is still too easy and isn't worth his time, so he decided to give it to you to solve.","The first line contains a single integer t (1 ≤ t ≤ 10^4) — the number of test cases. Then t test cases follow.

The first line of each test case contains a single integer n (1 ≤ n ≤ 10^{5}) — the length of the array a.

The next line contain n integers a_1, a_2, ..., a_n (-10^9 ≤ a_{i} ≤ 10^9, a_{i} ≠ 0) separated by spaces describing elements of the array a.

It is guaranteed that the sum of n over all test cases doesn't exceed 10^5.","For each test case, print ""YES"" if the array can be sorted in the non-decreasing order, otherwise print ""NO"". You can print each letter in any case (upper or lower).","def main():
    for _ in range(int(input())):
        _, s = input(), input()
        cnt = s.count('-')
        l = list(map(int, s.replace('-', '').split()))
        a, b = l[:cnt], l[cnt:]
        l[:cnt] = l[:cnt][::-1]
        print(('NO', 'YES')[a == sorted(a, reverse=True) and b == sorted(b)])


main()
",https://codeforces.com/problemset/problem/1670/A
ADSO_TEST_041,Rebellion,0,"constructive algorithms, greedy, two pointers","You have an array a of size n consisting only of zeroes and ones. You can do the following operation:

choose two indices 1 ≤ i , j ≤ n, i \ne j,

add a_{i} to a_{j},

remove a_{i} from a.

Note that elements of a can become bigger than 1 after performing some operations. Also note that n becomes 1 less after the operation.

What is the minimum number of operations needed to make a non-decreasing, i. e. that each element is not less than the previous element?","Each test contains multiple test cases. The first line contains the number of test cases t (1 ≤ t ≤ 10^4). The description of the test cases follows.

The first line of each test case contains an integer n (1 ≤ n ≤ 10^5), the size of array a.

Next line contains n integers a_{1}, a_{2}, ... a_{n} (a_i is 0 or 1), elements of array a.

It's guaranteed that sum of n over all test cases doesn't exceed 2 ⋅ 10^5.","For each test case print a single integer, minimum number of operations needed to make a non-decreasing.","for q in [*open(0)][2::2]:
    print(q[:q.count('0') * 2].count('1'))
",https://codeforces.com/problemset/problem/1746/B
ADSO_TEST_042,Binary Deque,4,"binary search, implementation, two pointers","Slavic has an array of length n consisting only of zeroes and ones. In one operation, he removes either the first or the last element of the array.

What is the minimum number of operations Slavic has to perform such that the total sum of the array is equal to s after performing all the operations? In case the sum s can't be obtained after any amount of operations, you should output -1.","The first line contains a single integer t (1 ≤ t ≤ 10^4) — the number of test cases.

The first line of each test case contains two integers n and s (1 ≤ n, s ≤ 2 ⋅ 10^5) — the length of the array and the needed sum of elements.

The second line of each test case contains n integers a_i (0 ≤ a_i ≤ 1) — the elements of the array.

It is guaranteed that the sum of n over all test cases doesn't exceed 2 ⋅ 10^5.","For each test case, output a single integer — the minimum amount of operations required to have the total sum of the array equal to s, or -1 if obtaining an array with sum s isn't possible.","t = int(input())
for _ in range(t):
    n, s = [int(i) for i in input().strip().split()]
    a = [int(i) for i in input().strip().split()]
    t = sum(a)
    if s > t:
        print(-1)
    elif s == t:
        print(0)
    else:
        count = 0
        i = 0
        j = n - 1
        extra = t - s + 1
        left = [0] * extra
        right = [0] * extra
        c = 0
        i = 0
        while c < extra - 1:
            while a[i] != 1:
                i += 1
            i += 1
            c += 1
            left[c] = i
        i = n - 1
        c = 0
        while c < extra - 1:
            while a[i] != 1:
                i -= 1
            i -= 1
            c += 1
            right[c] = n - 1 - i
        ans = n
        for i in range(extra):
            ans = min(ans, left[i] + right[extra - 1 - i])
        print(ans)
",https://codeforces.com/problemset/problem/1692/E
ADSO_TEST_043,SSeeeeiinngg DDoouubbllee,0,"constructive algorithms, strings","A palindrome is a string that reads the same backward as forward. For example, the strings {z}, {aaa}, {aba}, and {abccba} are palindromes, but {codeforces} and {ab} are not.

The double of a string s is obtained by writing each character twice. For example, the double of {seeing} is {sseeeeiinngg}.

Given a string s, rearrange its double to form a palindrome. Output the rearranged string. It can be proven that such a rearrangement always exists.","The first line of input contains t (1 ≤ t ≤ 1000) — the number of test cases.

The only line of each test case contains a single string s (1 ≤ |s| ≤ 100) consisting only of lowercase English letters.

Note that the sum of |s| over all test cases is not bounded.","For each test case, output a palindromic string of length 2 ⋅ |s| that is a rearrangement of the double of s.","t = int(input())
for i in range(t):
    a = input()
    b = a[::-1]
    a = a + b
    print(a)
",https://codeforces.com/problemset/problem/1758/A
ADSO_TEST_044,Extremely Round,0,"brute force, implementation","Let's call a positive integer extremely round if it has only one non-zero digit. For example, 5000, 4, 1, 10, 200 are extremely round integers; 42, 13, 666, 77, 101 are not.

You are given an integer n. You have to calculate the number of extremely round integers x such that 1 ≤ x ≤ n.","The first line contains one integer t (1 ≤ t ≤ 10^4) — the number of test cases.

Then, t lines follow. The i-th of them contains one integer n (1 ≤ n ≤ 999999) — the description of the i-th test case.","For each test case, print one integer — the number of extremely round integers x such that 1 ≤ x ≤ n.","import functools
max_size = 1000000
memo = [(0) for _ in range(max_size)]


def get_count(n):
    return memo[n]


def ext_round(n):
    if n <= 10:
        return True
    while n > 10:
        if n % 10 > 0:
            return False
        n //= 10
    return True


def pre_calc():
    total = 0
    for i in range(1, 1000000):
        if ext_round(i):
            total += 1
        memo[i] = total


def go():
    print(get_count(int(input())))


pre_calc()
times = int(input())
for _ in range(times):
    go()
",https://codeforces.com/problemset/problem/1766/A
ADSO_TEST_045,Wish I Knew How to Sort,12,"dp, math, probabilities","You are given a binary array a (all elements of the array are 0 or 1) of length n. You wish to sort this array, but unfortunately, your algorithms teacher forgot to teach you sorting algorithms. You perform the following operations until a is sorted:

Choose two random indices i and j such that i < j. Indices are chosen equally probable among all pairs of indices (i, j) such that 1 ≤ i < j ≤ n.

If a_i > a_j, then swap elements a_i and a_j.

What is the

expected number

of such operations you will perform before the array becomes sorted?

It can be shown that the answer can be expressed as an irreducible fraction \frac{p}{q}, where p and q are integers and q \not \equiv 0 \pmod{998\,244\,353}. Output the integer equal to p ⋅ q^{-1} \bmod 998\,244\,353. In other words, output such an integer x that 0 ≤ x < 998\,244\,353 and x ⋅ q \equiv p \pmod{998\,244\,353}.","Each test contains multiple test cases. The first line contains the number of test cases t (1 ≤ t ≤ 10^5). Description of the test cases follows.

The first line of each test case contains an integer n (1 ≤ n ≤ 200\,000) — the number of elements in the binary array.

The second line of each test case contains n integers a_1, a_2, ..., a_n (a_i \in \{0, 1\}) — elements of the array.

It's guaranteed that sum of n over all test cases does not exceed 200\,000.","For each test case print one integer — the value p ⋅ q^{-1} \bmod 998\,244\,353.","from fractions import *
Prime = 998244353


def ksm(a, m, Prime):
    curNum = a
    curm = m
    ans = 1
    while curm > 0:
        if curm % 2 == 1:
            ans = ans * curNum % Prime
        curNum = curNum * curNum % Prime
        curm //= 2
    return ans


def inv(q):
    ans = ksm(q, Prime - 2, Prime)
    return ans


t = int(input())
for i in range(t):
    n = int(input())
    numlist = list(map(int, input().split()))
    num0 = numlist.count(0)
    prev1 = numlist[:num0].count(1)
    ans = Fraction(0, 1)
    while prev1 > 0:
        exp = Fraction(n * (n - 1) // 2, prev1 * prev1)
        ans = ans + exp
        ans = Fraction(ans.numerator % Prime, ans.denominator % Prime)
        prev1 -= 1
    p, q = ans.numerator, ans.denominator
    print(p * inv(q) % Prime)
",https://codeforces.com/problemset/problem/1753/C
ADSO_TEST_046,Funny Permutation,0,"constructive algorithms, math","A sequence of n numbers is called permutation if it contains all numbers from 1 to n exactly once. For example, the sequences [3, 1, 4, 2], [1] and [2,1] are permutations, but [1,2,1], [0,1] and [1,3,4] are not.

For a given number n you need to make a permutation p such that two requirements are satisfied at the same time:

For each element p_i, at least one of its neighbors has a value that differs from the value of p_i by one. That is, for each element p_i (1 ≤ i ≤ n), at least one of its neighboring elements (standing to the left or right of p_i) must be p_i + 1, or p_i - 1.

the permutation must have no fixed points. That is, for every i (1 ≤ i ≤ n), p_i ≠ i must be satisfied.

Let's call the permutation that satisfies these requirements funny.

For example, let n = 4. Then [4, 3, 1, 2] is a funny permutation, since:

to the right of p_1=4 is p_2=p_1-1=4-1=3;

to the left of p_2=3 is p_1=p_2+1=3+1=4;

to the right of p_3=1 is p_4=p_3+1=1+1=2;

to the left of p_4=2 is p_3=p_4-1=2-1=1.

for all i is p_i \ne i.

For a given positive integer n, output any funny permutation of length n, or output -1 if funny permutation of length n does not exist.","The first line of input data contains a single integer t (1 ≤ t ≤ 10^4) — the number of test cases.

The description of the test cases follows.

Each test case consists of f single line containing one integer n (2 ≤ n ≤ 2 ⋅ 10^5).

It is guaranteed that the sum of n over all test cases does not exceed 2 ⋅ 10^5.","For each test case, print on a separate line:

any funny permutation p of length n;

or the number -1 if the permutation you are looking for does not exist.","tmp = [str(i) for i in range(200000, 0, -1)]
for i in range(int(input())):
    n = int(input())
    if n % 2:
        if n == 3:
            print(-1)
        else:
            print(' '.join(tmp[-n:-(n // 2 + 1)]) + ' ' + ' '.join(tmp[-(n //
                2 + 1):][::-1]))
    else:
        print(' '.join(tmp[-n:]))
",https://codeforces.com/problemset/problem/1741/B
ADSO_TEST_047,Shoe Shuffling,2,"constructive algorithms, greedy, implementation, two pointers","A class of students got bored wearing the same pair of shoes every day, so they decided to shuffle their shoes among themselves. In this problem, a pair of shoes is inseparable and is considered as a single object.

There are n students in the class, and you are given an array s in non-decreasing order, where s_i is the shoe size of the i-th student. A shuffling of shoes is valid only if no student gets their own shoes and if every student gets shoes of size greater than or equal to their size.

You have to output a permutation p of \{1,2,...,n\} denoting a valid shuffling of shoes, where the i-th student gets the shoes of the p_i-th student (p_i \ne i). And output -1 if a valid shuffling does not exist.

A permutation is an array consisting of n distinct integers from 1 to n in arbitrary order. For example, [2,3,1,5,4] is a permutation, but [1,2,2] is not a permutation (2 appears twice in the array) and [1,3,4] is also not a permutation (n=3 but there is 4 in the array).","Each test contains multiple test cases. The first line contains a single integer t (1 ≤ t ≤ 1000) — the number of test cases. Description of the test cases follows.

The first line of each test case contains a single integer n (1≤ n≤10^5) — the number of students.

The second line of each test case contains n integers s_1, s_2,...,s_n (1≤ s_i≤10^9, and for all 1≤ i<n, s_i≤ s_{i+1}) — the shoe sizes of the students.

It is guaranteed that the sum of n over all test cases does not exceed 10^5.","For each test case, print the answer in a single line using the following format.

If a valid shuffling does not exist, print the number -1 as the answer.

If a valid shuffling exists, print n space-separated integers — a permutation p of 1,2,...,n denoting a valid shuffling of shoes where the i-th student gets the shoes of the p_i-th student. If there are multiple answers, then print any of them.","from itertools import count
from typing import List, Optional
import collections as co
import copy


class Solution:

    def cambiar(self, m):
        m[0] += 1
        m[1] += 1
        ret = ''
        for x in range(m[0] + 1, m[1] + 1):
            ret += str(x) + ' '
        ret += str(m[0]) + ' '
        return ret

    def buscar(self, v, pos):
        valor = v[pos]
        while pos >= 0 and valor == v[pos]:
            pos -= 1
        return pos

    def solve(self, v):
        m = []
        pos = len(v) - 1
        while pos != -1:
            nuevapos = self.buscar(v, pos)
            dif = pos - nuevapos
            if dif == 1:
                return -1
            m.append([nuevapos + 1, pos])
            pos = nuevapos
        tam = len(m) - 1
        res = ''
        for i in range(tam, -1, -1):
            seg = m[i]
            ret = self.cambiar(seg)
            res += ret
        return res.strip()


sol = Solution()
for _ in range(int(input())):
    n = int(input())
    v = list(map(int, input().split()))
    print(sol.solve(v))
",https://codeforces.com/problemset/problem/1691/B
ADSO_TEST_048,Phase Shift,6,"dfs and similar, dsu, graphs, greedy, implementation, strings","There was a string s which was supposed to be encrypted. For this reason, all 26 lowercase English letters were arranged in a circle in some order, afterwards, each letter in s was replaced with the one that follows in clockwise order, in that way the string t was obtained.

You are given a string t. Determine the lexicographically smallest string s that could be a prototype of the given string t.

A string a is lexicographically smaller than a string b of the same length if and only if:

in the first position where a and b differ, the string a has a letter, that appears earlier in the alphabet than the corresponding letter in b.","The first line of the input contains a single integer t (1 ≤ t ≤ 3 ⋅ 10^4) — the number of test cases. The description of test cases follows.

The first line of each test case contains one integer n (1 ≤ n ≤ 10^5) — the length of the string t.

The next line contains the string t of the length n, containing lowercase English letters.

It is guaranteed that the sum of n over all test cases doesn't exceed 2 ⋅ 10^5.","For each test case, output a single line containing the lexicographically smallest string s which could be a prototype of t.","from string import ascii_lowercase
t = int(input())
for i in range(t):
    n = int(input())
    s = input()
    not_used = list(ascii_lowercase)
    used = []
    new_s = ''
    for i in range(n):
        if s[i] in s[:i]:
            new_s += new_s[s.index(s[i])]
        else:
            if s[i] not in used:
                if s[i] != not_used[0]:
                    new_s += not_used.pop(0)
                else:
                    new_s += not_used.pop(1)
            else:
                k = 2
                x = s[new_s.index(s[i])]
                while x != not_used[0]:
                    if x in used:
                        x = s[new_s.index(x)]
                    k += 1
                    if k == 26:
                        new_s += not_used.pop(0)
                        break
                else:
                    new_s += not_used.pop(1)
            used.append(new_s[-1])
    print(new_s)
",https://codeforces.com/problemset/problem/1735/C
ADSO_TEST_049,XOR Mixup,0,"bitmasks, brute force","There is an array a with n-1 integers. Let x be the

bitwise XOR

of all elements of the array. The number x is added to the end of the array a (now it has length n), and then the elements are shuffled.

You are given the newly formed array a. What is x? If there are multiple possible values of x, you can output any of them.","The input consists of multiple test cases. The first line contains an integer t (1 ≤ t ≤ 1000) — the number of test cases. The description of the test cases follows.

The first line of each test case contains an integer n (2 ≤ n ≤ 100) — the number of integers in the resulting array a.

The second line of each test case contains n integers a_1, a_2, ..., a_n (0 ≤ a_i ≤ 127) — the elements of the newly formed array a.

Additional constraint on the input: the array a is made by the process described in the statement; that is, some value of x exists.","For each test case, output a single integer — the value of x, as described in the statement. If there are multiple possible values of x, output any of them.","def xorOfArray(arr, n):
    xor_arr = 0
    for i in range(n):
        xor_arr = xor_arr ^ arr[i]
    return xor_arr


for i in range(int(input())):
    x = int(input())
    l = list(map(int, input().split()))
    l.pop(-1)
    n = len(l)
    print(xorOfArray(l, n))
",https://codeforces.com/problemset/problem/1698/A
ADSO_TEST_050,Wish I Knew How to Sort,12,"dp, math, probabilities","You are given a binary array a (all elements of the array are 0 or 1) of length n. You wish to sort this array, but unfortunately, your algorithms teacher forgot to teach you sorting algorithms. You perform the following operations until a is sorted:

Choose two random indices i and j such that i < j. Indices are chosen equally probable among all pairs of indices (i, j) such that 1 ≤ i < j ≤ n.

If a_i > a_j, then swap elements a_i and a_j.

What is the

expected number

of such operations you will perform before the array becomes sorted?

It can be shown that the answer can be expressed as an irreducible fraction \frac{p}{q}, where p and q are integers and q \not \equiv 0 \pmod{998\,244\,353}. Output the integer equal to p ⋅ q^{-1} \bmod 998\,244\,353. In other words, output such an integer x that 0 ≤ x < 998\,244\,353 and x ⋅ q \equiv p \pmod{998\,244\,353}.","Each test contains multiple test cases. The first line contains the number of test cases t (1 ≤ t ≤ 10^5). Description of the test cases follows.

The first line of each test case contains an integer n (1 ≤ n ≤ 200\,000) — the number of elements in the binary array.

The second line of each test case contains n integers a_1, a_2, ..., a_n (a_i \in \{0, 1\}) — elements of the array.

It's guaranteed that sum of n over all test cases does not exceed 200\,000.","For each test case print one integer — the value p ⋅ q^{-1} \bmod 998\,244\,353.","P = 998244353


def modular_solver(a, b, P):
    return b * pow(a, P - 2, P) % P


def problem():
    n = int(input())
    sequence = [int(_) for _ in input().split()]
    count_zero = n - sum(sequence)
    least_swap_count = sum(sequence[:count_zero])
    numerator = n * (n - 1) // 2
    expect_individual = [(modular_solver(pow(i + 1, 2), 1, P) % P) for i in
        range(least_swap_count)]
    expect = numerator % P * sum(expect_individual) % P
    return expect


t = int(input())
for _ in range(t):
    ans = problem()
    print(ans)
",https://codeforces.com/problemset/problem/1753/C
ADSO_TEST_051,Decode String,0,"greedy, strings","Polycarp has a string s consisting of lowercase Latin letters.

He encodes it using the following algorithm.

He goes through the letters of the string s from left to right and for each letter Polycarp considers its number in the alphabet:

if the letter number is single-digit number (less than 10), then just writes it out;

if the letter number is a two-digit number (greater than or equal to 10), then it writes it out and adds the number 0 after.

For example, if the string s is code, then Polycarp will encode this string as follows:

'c' — is the 3-rd letter of the alphabet. Consequently, Polycarp adds 3 to the code (the code becomes equal to 3);

'o' — is the 15-th letter of the alphabet. Consequently, Polycarp adds 15 to the code and also 0 (the code becomes 3150);

'd' — is the 4-th letter of the alphabet. Consequently, Polycarp adds 4 to the code (the code becomes 31504);

'e' — is the 5-th letter of the alphabet. Therefore, Polycarp adds 5 to the code (the code becomes 315045).

Thus, code of string code is 315045.

You are given a string t resulting from encoding the string s. Your task is to decode it (get the original string s by t).","The first line of the input contains an integer q (1 ≤ q ≤ 10^4) — the number of test cases in the input.

The descriptions of the test cases follow.

The first line of description of each test case contains one integer n (1 ≤ n ≤ 50) — the length of the given code.

The second line of the description of each test case contains a string t of length n — the given code. It is guaranteed that there exists such a string of lowercase Latin letters, as a result of encoding which the string t is obtained.",For each test case output the required string s — the string that gives string t as the result of encoding. It is guaranteed that such a string always exists. It can be shown that such a string is always unique.,"from functools import cmp_to_key
from collections import Counter, deque, defaultdict, OrderedDict
import math
from bisect import bisect, bisect_left
import sys
import re
from copy import deepcopy
MOD = 10 ** 9 + 7
MAX = -sys.maxsize
MIN = sys.maxsize


class get:

    def int():
        return list(map(int, input().split()))

    def str():
        return input().split()

    def float():
        return list(map(float, input().split()))

    def map():
        return map(int, input().split())


def sqrt(x):
    return int(math.sqrt(x)) + 1


def gcd(*args):
    result = args[0]
    for item in args:
        result = math.gcd(result, item)
    return result


def LCM(a, b):
    return a * b // math.gcd(a, b)


def isPrime(n):
    if n == 1:
        return False
    for i in range(2, sqrt(n)):
        if n % i == 0:
            return False
    return True


def print2d(arr):
    for item in arr:
        print(*item)


def solve():
    n = int(input())
    s = input()
    d = {}
    for i in range(1, 27):
        d[i] = chr(ord('a') - 1 + i)
    res = ''
    i = n - 1
    while i >= 0:
        if s[i] == '0':
            kk = int(s[i - 2] + s[i - 1])
            res = d[kk] + res
            i = i - 3
        else:
            res = d[int(s[i])] + res
            i -= 1
    print(res)


t = int(input())
for tt in range(t):
    solve()
",https://codeforces.com/problemset/problem/1729/B
ADSO_TEST_052,Binary Strings are Fun,6,"combinatorics, math","A binary string^\dagger b of odd length m is good if b_i is the median^\ddagger of b[1,i]^\S for all odd indices i (1 ≤ i ≤ m).

For a binary string a of length k, a binary string b of length 2k-1 is an extension of a if b_{2i-1}=a_i for all i such that 1 ≤ i ≤ k. For example, 1001011 and 1101001 are extensions of the string 1001. String x=1011011 is not an extension of string y=1001 because x_3 ≠ y_2. Note that there are 2^{k-1} different extensions of a.

You are given a binary string s of length n. Find the sum of the number of good extensions over all prefixes of s. In other words, find \sum_{i=1}^{n} f(s[1,i]), where f(x) gives number of good extensions of string x. Since the answer can be quite large, you only need to find it modulo 998\,244\,353.

^\dagger A binary string is a string whose elements are either \mathtt{0} or \mathtt{1}.

^\ddagger For a binary string a of length 2m-1, the median of a is the (unique) element that occurs at least m times in a.

^\S a[l,r] denotes the string of length r-l+1 which is formed by the concatenation of a_l,a_{l+1},...,a_r in that order.","Each test contains multiple test cases. The first line contains the number of test cases t (1 ≤ t ≤ 10^4). The description of the test cases follows.

The first line of each test case contains a single integer n (1 ≤ n ≤ 2 ⋅ 10^5), where n is the length of the binary string s.

The second line of each test case contains the binary string s of length n.

It is guaranteed that the sum of n over all test cases does not exceed 2 ⋅ 10^5.","For each test case, print the answer modulo 998\,244\,353.","from sys import stdin, stdout
input = stdin.readline
M = 998244353
pow2 = [1]
for i in range(200005):
    pow2.append(pow2[-1] * 2 % M)
for _ in range(int(input())):
    n = int(input())
    ans = 0
    count1 = 0
    count0 = 0
    for b in map(int, input().strip()):
        if b:
            count0 = 0
            count1 += 1
            ans = (ans + pow2[count1 - 1]) % M
        else:
            count1 = 0
            count0 += 1
            ans = (ans + pow2[count0 - 1]) % M
    print(ans % M)
",https://codeforces.com/problemset/problem/1762/C
ADSO_TEST_053,Playing with GCD,4,"math, number theory","You are given an integer array a of length n.

Does there exist an array b consisting of n+1 positive integers such that a_i=\gcd (b_i,b_{i+1}) for all i (1 ≤ i ≤ n)?

Note that \gcd(x, y) denotes the

greatest common divisor (GCD)

of integers x and y.","Each test contains multiple test cases. The first line contains the number of test cases t (1 ≤ t ≤ 10^5). Description of the test cases follows.

The first line of each test case contains an integer n (1 ≤ n ≤ 10^5) — the length of the array a.

The second line of each test case contains n space-separated integers a_1,a_2,...,a_n representing the array a (1 ≤ a_i ≤ 10^4).

It is guaranteed that the sum of n over all test cases does not exceed 10^5.","For each test case, output ""YES"" if such b exists, otherwise output ""NO"". You can print each letter in any case (upper or lower).","import math
prime_arr = []


def is_prime(a):
    i = 2
    while i < int(math.sqrt(a)):
        if a % i == 0:
            return False
        i += 1
    return True


def divide_prime(a):
    res = dict()
    i = 0
    while a != 1:
        if a % prime_arr[i] == 0:
            a /= prime_arr[i]
            res[prime_arr[i]] = res.get(prime_arr[i], 0) + 1
        else:
            i += 1
    return res


for i in range(2, pow(10, 4)):
    if is_prime(i):
        prime_arr.append(i)
t = int(input())
for i in range(t):
    n = int(input())
    arr = input().split(' ')
    arr = [int(x) for x in arr]
    if n <= 2:
        print('YES')
        continue
    flag = True
    for j in range(1, n - 1):
        x = arr[j - 1]
        y = arr[j]
        z = arr[j + 1]
        dicx = divide_prime(x)
        dicy = divide_prime(y)
        dicz = divide_prime(z)
        for primex in dicx:
            getx = dicx[primex]
            gety = dicy.get(primex, 0)
            getz = dicz.get(primex, 0)
            if gety < getx and gety < getz:
                print('NO')
                flag = False
                break
        if not flag:
            break
    if flag:
        print('YES')
",https://codeforces.com/problemset/problem/1736/B
ADSO_TEST_054,One and Two,0,"brute force, implementation, math","You are given a sequence a_1, a_2, ..., a_n. Each element of a is 1 or 2.

Find out if an integer k exists so that the following conditions are met.

1 ≤ k ≤ n-1, and

a_1 ⋅ a_2 ⋅ ... ⋅ a_k = a_{k+1} ⋅ a_{k+2} ⋅ ... ⋅ a_n.

If there exist multiple k that satisfy the given condition, print the smallest.","Each test contains multiple test cases. The first line contains the number of test cases t (1 ≤ t ≤ 100). Description of the test cases follows.

The first line of each test case contains one integer n (2 ≤ n ≤ 1000).

The second line of each test case contains n integers a_1, a_2, ..., a_n (1 ≤ a_i ≤ 2).","For each test case, if there is no such k, print -1.

Otherwise, print the smallest possible k.","def fun(a, n):
    if n == 0:
        return -1
    pro = 1
    for ele in a:
        pro *= ele
    lhs = 1
    for i in range(n):
        lhs *= a[i]
        if lhs == pro // lhs:
            return i + 1
    return -1


t = int(input())
for _ in range(t):
    n = int(input())
    a = [int(x) for x in input().split()]
    print(fun(a, n))
",https://codeforces.com/problemset/problem/1788/A
ADSO_TEST_055,Fake Plastic Trees,9,"dfs and similar, dp, greedy, trees","We are given a rooted tree consisting of n vertices numbered from 1 to n. The root of the tree is the vertex 1 and the parent of the vertex v is p_v.

There is a number written on each vertex, initially all numbers are equal to 0. Let's denote the number written on the vertex v as a_v.

For each v, we want a_v to be between l_v and r_v (l_v ≤ a_v ≤ r_v).

In a single operation we do the following:

Choose some vertex v. Let b_1, b_2, ..., b_k be vertices on the path from the vertex 1 to vertex v (meaning b_1 = 1, b_k = v and b_i = p_{b_{i + 1}}).

Choose a non-decreasing array c of length k of nonnegative integers: 0 ≤ c_1 ≤ c_2 ≤ ... ≤ c_k.

For each i (1 ≤ i ≤ k), increase a_{b_i} by c_i.

What's the minimum number of operations needed to achieve our goal?","The first line contains an integer t (1≤ t≤ 1000)  — the number of test cases. The description of the test cases follows.

The first line of each test case contains a single integer n (2≤ n≤ 2 ⋅ 10^5)  — the number of the vertices in the tree.

The second line of each test case contains n - 1 integers, p_2, p_3, ..., p_n (1 ≤ p_i < i), where p_i denotes the parent of the vertex i.

The i-th of the following n lines contains two integers l_i and r_i (1 ≤ l_i ≤ r_i ≤ 10^9).

It is guaranteed that the sum of n over all test cases doesn't exceed 2 ⋅ 10^5.",For each test case output the minimum number of operations needed.,"t = int(input())
for _ in range(t):
    n = int(input()) + 1
    P = [0, 0] + list(map(int, input().split()))
    L = [0] * (n + 1)
    R = [0] * (n + 1)
    Val = [0] * (n + 1)
    ans = 0
    for i in range(1, n):
        L[i], R[i] = map(int, input().split())
    for i in range(n - 1, 0, -1):
        if Val[i] < L[i]:
            Val[i] = R[i]
            ans += 1
        Val[P[i]] += min(Val[i], R[i])
    print(ans)
",https://codeforces.com/problemset/problem/1693/B
ADSO_TEST_056,XOR Mixup,0,"bitmasks, brute force","There is an array a with n-1 integers. Let x be the

bitwise XOR

of all elements of the array. The number x is added to the end of the array a (now it has length n), and then the elements are shuffled.

You are given the newly formed array a. What is x? If there are multiple possible values of x, you can output any of them.","The input consists of multiple test cases. The first line contains an integer t (1 ≤ t ≤ 1000) — the number of test cases. The description of the test cases follows.

The first line of each test case contains an integer n (2 ≤ n ≤ 100) — the number of integers in the resulting array a.

The second line of each test case contains n integers a_1, a_2, ..., a_n (0 ≤ a_i ≤ 127) — the elements of the newly formed array a.

Additional constraint on the input: the array a is made by the process described in the statement; that is, some value of x exists.","For each test case, output a single integer — the value of x, as described in the statement. If there are multiple possible values of x, output any of them.","from collections import deque
from functools import reduce
from typing import List


def xor(arr):
    return reduce(lambda x, y: x ^ y, arr)


def prob_a(arr: List[int]):
    count = 0
    q = deque(arr)
    while count < len(arr):
        el = q.pop()
        if xor(q) == el:
            return el
        count += 1


t = int(input())
for _ in range(t):
    n = input()
    arr = list(map(int, input().split(' ')))
    print(prob_a(arr))
",https://codeforces.com/problemset/problem/1698/A
ADSO_TEST_057,Emordnilap,1,"combinatorics, greedy, math","A permutation of length n is an array consisting of n distinct integers from 1 to n in arbitrary order. For example, [2,3,1,5,4] is a permutation, but [1,2,2] is not a permutation (2 appears twice in the array), and [1,3,4] is also not a permutation (n=3 but there is 4 in the array). There are n! = n ⋅ (n-1) ⋅ (n - 2) ⋅ ... ⋅ 1 different permutations of length n.

Given a permutation p of n numbers, we create an array a consisting of 2n numbers, which is equal to p concatenated with its reverse. We then define the beauty of p as the number of inversions in a.

The number of inversions in the array a is the number of pairs of indices i, j such that i < j and a_i > a_j.

For example, for permutation p = [1, 2], a would be [1, 2, 2, 1]. The inversions in a are (2, 4) and (3, 4) (assuming 1-based indexing). Hence, the beauty of p is 2.

Your task is to find the sum of beauties of all n! permutations of size n. Print the remainder we get when dividing this value by 1\,000\,000\,007 (10^9 + 7).","Each test contains multiple test cases. The first line contains the number of test cases t (1 ≤ t ≤ 10^5). The description of the test cases follows.

Each test case has only one line — the integer n (1 ≤ n ≤ 10^5).

It is guaranteed that the sum of n over all test cases does not exceed 10^5.","For each test case, print one integer — the sum of beauties of all permutations of size n modulo 1\,000\,000\,007 (10^9 + 7).","import math


def fact(n):
    return math.factorial(n)


tes = int(input())
for i in range(tes):
    n = int(input())
    f = fact(n)
    res = 0
    for i in range(1, n):
        res += i
    for i in reversed(range(n)):
        res += i
    print(res * f % 1000000007)
",https://codeforces.com/problemset/problem/1777/B
ADSO_TEST_058,Build Permutation,4,"constructive algorithms, dp, math","A \mathbf{0}-indexed array a of size n is called good if for all valid indices i (0 ≤ i ≤ n-1), a_i + i is a perfect square^\dagger.

Given an integer n. Find a permutation^\ddagger p of [0,1,2,...,n-1] that is good or determine that no such permutation exists.

^\dagger An integer x is said to be a perfect square if there exists an integer y such that x = y^2.

^\ddagger An array b is a permutation of an array a if b consists of the elements of a in arbitrary order. For example, [4,2,3,4] is a permutation of [3,2,4,4] while [1,2,2] is not a permutation of [1,2,3].","The first line contains a single integer t (1 ≤ t ≤ 10^4) — the number of test cases.

The only line of each test case contains a single integer n (1 ≤ n ≤ 10^5) — the length of the permutation p.

It is guaranteed that the sum of n over all test cases does not exceed 10^5.","For each test case, output n distinct integers p_0, p_1, \dots, p_{n-1} (0 ≤ p_i ≤ n-1) — the permutation p — if the answer exists, and -1 otherwise.","import math
n = int(input(''))
for i in range(n):
    n2 = int(input(''))
    list_nums = list(range(n2))
    l2 = list('0' * n2)
    n3 = math.ceil((n2 - 1) ** 0.5) ** 2
    g = n2 - 1
    if n2 - 1 == n3:
        print(*list_nums[::-1], sep=' ')
    else:
        for i in range(n2 - 1, -1, -1):
            diff = n3 - i
            if diff > g:
                n3 = math.ceil(i ** 0.5) ** 2
                diff = n3 - i
                g = i
            l2[i] = diff
        print(*l2, sep=' ')
",https://codeforces.com/problemset/problem/1713/C
ADSO_TEST_059,One and Two,0,"brute force, implementation, math","You are given a sequence a_1, a_2, ..., a_n. Each element of a is 1 or 2.

Find out if an integer k exists so that the following conditions are met.

1 ≤ k ≤ n-1, and

a_1 ⋅ a_2 ⋅ ... ⋅ a_k = a_{k+1} ⋅ a_{k+2} ⋅ ... ⋅ a_n.

If there exist multiple k that satisfy the given condition, print the smallest.","Each test contains multiple test cases. The first line contains the number of test cases t (1 ≤ t ≤ 100). Description of the test cases follows.

The first line of each test case contains one integer n (2 ≤ n ≤ 1000).

The second line of each test case contains n integers a_1, a_2, ..., a_n (1 ≤ a_i ≤ 2).","For each test case, if there is no such k, print -1.

Otherwise, print the smallest possible k.","import os, sys, io, math
from re import *
from math import *
from array import *
from heapq import *
from bisect import *
from functools import *
from itertools import *
from statistics import *
from collections import *
I = lambda : [*map(int, sys.stdin.readline().split())]
IP = lambda : map(int, input().split())
IS = lambda : input()
IN = lambda : int(input())
IF = lambda : float(input())
for _ in range(IN()):
    n, l = IN(), I()
    p = [0] * n
    p[0] = l[0]
    ok = True
    for i in range(1, n):
        p[i] = p[i - 1] * l[i]
    res, c, x = 0, p[0], p[n - 1]
    for i in range(n):
        if p[i] * p[i] == x:
            print(i + 1)
            ok = False
            break
    if ok:
        print(-1)
",https://codeforces.com/problemset/problem/1788/A
ADSO_TEST_060,Increasing,0,"greedy, implementation, sortings","You are given an array a of n positive integers. Determine if, by rearranging the elements, you can make the array strictly increasing. In other words, determine if it is possible to rearrange the elements such that a_1 < a_2 < \dots < a_n holds.","The first line contains a single integer t (1 ≤ t ≤ 100) — the number of test cases.

The first line of each test case contains a single integer n (1 ≤ n ≤ 100) — the length of the array.

The second line of each test case contains n integers a_i (1 ≤ a_i ≤ 10^9) — the elements of the array.","For each test case, output ""YES"" (without quotes) if the array satisfies the condition, and ""NO"" (without quotes) otherwise.

You can output the answer in any case (for example, the strings ""yEs"", ""yes"", ""Yes"" and ""YES"" will be recognized as a positive answer).","try:
    for _ in range(int(input())):
        n = int(input())
        lst = list(map(int, input().split()))
        if len(lst) == len(set(lst)):
            print('YES')
        else:
            print('NO')
except:
    pass
",https://codeforces.com/problemset/problem/1742/B
ADSO_TEST_061,Different Differences,2,"constructive algorithms, greedy, math","An array a consisting of k integers is strictly increasing if a_1 < a_2 < \dots < a_k. For example, the arrays [1, 3, 5], [1, 2, 3, 4], [3, 5, 6] are strictly increasing; the arrays [2, 2], [3, 7, 5], [7, 4, 3], [1, 2, 2, 3] are not.

For a strictly increasing array a of k elements, let's denote the characteristic as the number of different elements in the array [a_2 - a_1, a_3 - a_2, \dots, a_k - a_{k-1}]. For example, the characteristic of the array [1, 3, 4, 7, 8] is 3 since the array [2, 1, 3, 1] contains 3 different elements: 2, 1 and 3.

You are given two integers k and n (k ≤ n). Construct an increasing array of k integers from 1 to n with maximum possible characteristic.","The first line contains one integer t (1 ≤ t ≤ 819) — the number of test cases.

Each test case consists of one line containing two integers k and n (2 ≤ k ≤ n ≤ 40).","For each test case, print k integers — the elements of the strictly increasing array a with the maximum possible characteristic. If there are multiple answers, print any of them.","from typing import *
from collections import *
from bisect import *
from functools import *
from math import *
from itertools import *
from heapq import *
t = int(input())
while t > 0:
    t -= 1
    k, n = map(int, input().split())
    res = []
    d = [(1) for _ in range(k - 1)]
    f, p = 1, 0
    while p < k - 1 and sum(d) <= n - 1:
        d[p] += f
        f += 1
        p += 1
    if sum(d) > n - 1:
        d[p - 1] -= f - 1
    a = 1
    res.append(a)
    for i in range(1, k):
        a += d[i - 1]
        res.append(a)
    print(*res, sep=' ')
",https://codeforces.com/problemset/problem/1772/C
ADSO_TEST_062,Card Game,7,"combinatorics, constructive algorithms, dp, games","Consider a game with n cards (n is even). Each card has a number written on it, between 1 and n. All numbers on the cards are different. We say that a card with number x is stronger than a card with number y if x > y.

Two players, Alex and Boris, play this game. In the beginning, each of them receives exactly \frac{n}{2} cards, so each card belongs to exactly one player. Then, they take turns. Alex goes first, then Boris, then Alex again, and so on.

On a player's turn, he must play exactly one of his cards. Then, if the opponent doesn't have any cards stronger than the card played, the opponent loses, and the game ends. Otherwise, the opponent has to play a stronger card (exactly one card as well). These two cards are removed from the game, and the turn ends. If there are no cards left, the game ends in a draw; otherwise it's the opponent's turn.

Consider all possible ways to distribute the cards between two players, so that each of them receives exactly half of the cards. You have to calculate three numbers:

the number of ways to distribute the cards so that Alex wins;

the number of ways to distribute the cards so that Boris wins;

the number of ways to distribute the cards so that the game ends in a draw.

You may assume that both players play optimally (i. e. if a player can win no matter how his opponent plays, he wins). Two ways to distribute the cards are different if there is at least one card such that, in one of these ways, it is given to Alex, and in the other way, it is given to Boris.

For example, suppose n = 4, Alex receives the cards [2, 3], and Boris receives the cards [1, 4]. Then the game may go as follows:

if Alex plays the card 2, then Boris has to respond with the card 4. Then, Alex's turn ends, and Boris' turn starts. Boris has only one card left, which is 1; he plays it, and Alex responds with the card 3. So, the game ends in a draw;

if Alex plays the card 3, then Boris has to respond with the card 4. Then, Alex's turn ends, and Boris' turn starts. Boris has only one card left, which is 1; he plays it, and Alex responds with the card 2. So, the game ends in a draw.

So, in this case, the game ends in a draw.","The first line contains one integer t (1 ≤ t ≤ 30) — the number of test cases.

Then, t lines follow. The i-th line contains one even integer n (2 ≤ n ≤ 60).","For each test case, print three integers:

the number of ways to distribute the cards so that Alex wins;

the number of ways to distribute the cards so that Boris wins;

the number of ways to distribute the cards so that the game ends in a draw.

Since the answers can be large, print them modulo 998244353.","mod = 998244353
a = [0] * 200
b = [0] * 200
fac = [0] * 200
fac[1] = 1
for i in range(2, 160):
    fac[i] = i * fac[i - 1]
a[1] = 1
b[1] = 0
a[2] = 3
b[2] = 2
for i in range(3, 70):
    a[i] = fac[2 * i - 1] // (fac[i] * fac[i - 1]) + b[i - 1]
    b[i] = fac[2 * i] // (fac[i] * fac[i]) - a[i] - 1
for _ in range(int(input())):
    n = int(input())
    n //= 2
    print(int(a[n] % mod), int(b[n] % mod), 1)
",https://codeforces.com/problemset/problem/1739/C
ADSO_TEST_063,White-Black Balanced Subtrees,5,"dfs and similar, dp, graphs, trees","You are given a rooted tree consisting of n vertices numbered from 1 to n. The root is vertex 1. There is also a string s denoting the color of each vertex: if s_i = {B}, then vertex i is black, and if s_i = {W}, then vertex i is white.

A subtree of the tree is called balanced if the number of white vertices equals the number of black vertices. Count the number of balanced subtrees.

A tree is a connected undirected graph without cycles. A rooted tree is a tree with a selected vertex, which is called the root. In this problem, all trees have root 1.

The tree is specified by an array of parents a_2, \dots, a_n containing n-1 numbers: a_i is the parent of the vertex with the number i for all i = 2, \dots, n. The parent of a vertex u is a vertex that is the next vertex on a simple path from u to the root.

The subtree of a vertex u is the set of all vertices that pass through u on a simple path to the root. For example, in the picture below, 7 is in the subtree of 3 because the simple path 7 \to 5 \to 3 \to 1 passes through 3. Note that a vertex is included in its subtree, and the subtree of the root is the entire tree.

The picture shows the tree for n=7, a=[1,1,2,3,3,5], and s={WBBWWBW}. The subtree at the vertex 3 is balanced.","The first line of input contains an integer t (1 ≤ t ≤ 10^4) — the number of test cases.

The first line of each test case contains an integer n (2 ≤ n ≤ 4000) — the number of vertices in the tree.

The second line of each test case contains n-1 integers a_2, \dots, a_n (1 ≤ a_i < i) — the parents of the vertices 2, \dots, n.

The third line of each test case contains a string s of length n consisting of the characters {B} and {W} — the coloring of the tree.

It is guaranteed that the sum of the values n over all test cases does not exceed 2 ⋅ 10^5.","For each test case, output a single integer — the number of balanced subtrees.","import sys
input = lambda : sys.stdin.readline().strip('\r\n')
invr = lambda : map(int, input().split())
tc = int(input())
for _ in range(tc):
    n = int(input())
    p = [(int(c) - 1) for c in input().split()]
    p.insert(0, -1)
    s = input()
    arr = [0] * n
    for i in range(n - 1, -1, -1):
        if s[i] == 'W':
            arr[i] += 1
        else:
            arr[i] -= 1
        parent = p[i]
        if parent != -1:
            arr[parent] += arr[i]
    print(arr.count(0))
",https://codeforces.com/problemset/problem/1676/G
ADSO_TEST_064,Emordnilap,1,"combinatorics, greedy, math","A permutation of length n is an array consisting of n distinct integers from 1 to n in arbitrary order. For example, [2,3,1,5,4] is a permutation, but [1,2,2] is not a permutation (2 appears twice in the array), and [1,3,4] is also not a permutation (n=3 but there is 4 in the array). There are n! = n ⋅ (n-1) ⋅ (n - 2) ⋅ ... ⋅ 1 different permutations of length n.

Given a permutation p of n numbers, we create an array a consisting of 2n numbers, which is equal to p concatenated with its reverse. We then define the beauty of p as the number of inversions in a.

The number of inversions in the array a is the number of pairs of indices i, j such that i < j and a_i > a_j.

For example, for permutation p = [1, 2], a would be [1, 2, 2, 1]. The inversions in a are (2, 4) and (3, 4) (assuming 1-based indexing). Hence, the beauty of p is 2.

Your task is to find the sum of beauties of all n! permutations of size n. Print the remainder we get when dividing this value by 1\,000\,000\,007 (10^9 + 7).","Each test contains multiple test cases. The first line contains the number of test cases t (1 ≤ t ≤ 10^5). The description of the test cases follows.

Each test case has only one line — the integer n (1 ≤ n ≤ 10^5).

It is guaranteed that the sum of n over all test cases does not exceed 10^5.","For each test case, print one integer — the sum of beauties of all permutations of size n modulo 1\,000\,000\,007 (10^9 + 7).","def fac(n):
    ans = 1
    for i in range(2, n + 1):
        ans = ans * i % 1000000007
    return ans % 1000000007


t = int(input())
for i in range(0, t):
    n = int(input())
    if n == 1:
        print(0)
    else:
        print(fac(n) * n * (n - 1) % 1000000007)
",https://codeforces.com/problemset/problem/1777/B
ADSO_TEST_065,Interesting Sum,0,"brute force, data structures, greedy, math, sortings","You are given an array a that contains n integers. You can choose any proper subsegment a_l, a_{l + 1}, ..., a_r of this array, meaning you can choose any two integers 1 ≤ l ≤ r ≤ n, where r - l + 1 < n. We define the beauty of a given subsegment as the value of the following expression:

\max(a_{1}, a_{2}, ..., a_{l-1}, a_{r+1}, a_{r+2}, ..., a_{n}) - \min(a_{1}, a_{2}, ..., a_{l-1}, a_{r+1}, a_{r+2}, ..., a_{n}) + \max(a_{l}, ..., a_{r}) - \min(a_{l}, ..., a_{r}).

Please find the maximum beauty among all proper subsegments.","The first line contains one integer t (1 ≤ t ≤ 1000) — the number of test cases. Then follow the descriptions of each test case.

The first line of each test case contains a single integer n (4 ≤ n ≤ 10^5) — the length of the array.

The second line of each test case contains n integers a_1, a_2, ..., a_n (1 ≤ a_{i} ≤ 10^9) — the elements of the given array.

It is guaranteed that the sum of n over all test cases does not exceed 10^5.",For each testcase print a single integer — the maximum beauty of a proper subsegment.,"for _ in range(int(input())):
    input()
    li = sorted(map(int, input().split()))
    li = list(li)
    print(li[-1] + li[-2] - li[0] - li[1])
",https://codeforces.com/problemset/problem/1720/B
ADSO_TEST_066,Phase Shift,6,"dfs and similar, dsu, graphs, greedy, implementation, strings","There was a string s which was supposed to be encrypted. For this reason, all 26 lowercase English letters were arranged in a circle in some order, afterwards, each letter in s was replaced with the one that follows in clockwise order, in that way the string t was obtained.

You are given a string t. Determine the lexicographically smallest string s that could be a prototype of the given string t.

A string a is lexicographically smaller than a string b of the same length if and only if:

in the first position where a and b differ, the string a has a letter, that appears earlier in the alphabet than the corresponding letter in b.","The first line of the input contains a single integer t (1 ≤ t ≤ 3 ⋅ 10^4) — the number of test cases. The description of test cases follows.

The first line of each test case contains one integer n (1 ≤ n ≤ 10^5) — the length of the string t.

The next line contains the string t of the length n, containing lowercase English letters.

It is guaranteed that the sum of n over all test cases doesn't exceed 2 ⋅ 10^5.","For each test case, output a single line containing the lexicographically smallest string s which could be a prototype of t.","def is_connected(cycle_map, start, end):
    target = start
    while 1:
        if not target in cycle_map:
            return False
        target = cycle_map[target]
        if target == end:
            return True


for _ in range(int(input())):
    input()
    s = list(map(ord, list(input())))
    cycle_map = {}
    t_map = {}
    ss = []
    [ss.append(x) for x in s if not x in ss]
    pointed = set()
    pointing = set()
    for c in ss:
        next = 97
        while 1:
            if c != next:
                if not next in pointed:
                    if not is_connected(cycle_map, next, c):
                        break
                    if len(pointing) == 25:
                        break
                    if not c in pointed:
                        break
            next += 1
        cycle_map[c] = next
        t_map[chr(c)] = chr(next)
        pointed.add(next)
        pointing.add(c)
    print(''.join([chr(cycle_map[c]) for c in s]))
",https://codeforces.com/problemset/problem/1735/C
ADSO_TEST_067,Interesting Sum,0,"brute force, data structures, greedy, math, sortings","You are given an array a that contains n integers. You can choose any proper subsegment a_l, a_{l + 1}, ..., a_r of this array, meaning you can choose any two integers 1 ≤ l ≤ r ≤ n, where r - l + 1 < n. We define the beauty of a given subsegment as the value of the following expression:

\max(a_{1}, a_{2}, ..., a_{l-1}, a_{r+1}, a_{r+2}, ..., a_{n}) - \min(a_{1}, a_{2}, ..., a_{l-1}, a_{r+1}, a_{r+2}, ..., a_{n}) + \max(a_{l}, ..., a_{r}) - \min(a_{l}, ..., a_{r}).

Please find the maximum beauty among all proper subsegments.","The first line contains one integer t (1 ≤ t ≤ 1000) — the number of test cases. Then follow the descriptions of each test case.

The first line of each test case contains a single integer n (4 ≤ n ≤ 10^5) — the length of the array.

The second line of each test case contains n integers a_1, a_2, ..., a_n (1 ≤ a_{i} ≤ 10^9) — the elements of the given array.

It is guaranteed that the sum of n over all test cases does not exceed 10^5.",For each testcase print a single integer — the maximum beauty of a proper subsegment.,"def ans(a):
    l = a
    g = max(a)
    h = min(a)
    l.remove(g)
    l.remove(h)
    enter = g - h + max(l) - min(l)
    return enter


t = int(input(''))
lst = []
for i in range(t):
    le = int(input())
    l = [int(x) for x in input().split()]
    lst.append(ans(l))
for i in lst:
    print(i)
",https://codeforces.com/problemset/problem/1720/B
ADSO_TEST_068,Jatayu's Balanced Bracket Sequence,5,"data structures, dsu, graphs, greedy","Last summer, Feluda gifted Lalmohan-Babu a balanced bracket sequence s of length 2 n.

Topshe was bored during his summer vacations, and hence he decided to draw an undirected graph of 2 n vertices using the balanced bracket sequence s. For any two distinct vertices i and j (1 ≤ i < j ≤ 2 n), Topshe draws an edge (undirected and unweighted) between these two nodes if and only if the subsegment s[i ... j] forms a balanced bracket sequence.

Determine the number of connected components in Topshe's graph.

See the Notes section for definitions of the underlined terms.","Each test contains multiple test cases. The first line contains a single integer t (1 ≤ t ≤ 10^5) — the number of test cases. Description of the test cases follows.

The first line of each test case contains a single integer n (1 ≤ n ≤ 10^5) — the number of opening brackets in string s.

The second line of each test case contains a string s of length 2 n — a balanced bracket sequence consisting of n opening brackets ""("", and n closing brackets "")"".

It is guaranteed that the sum of n over all test cases does not exceed 10^5.","For each test case, output a single integer — the number of connected components in Topshe's graph.","def codeforces(s, n):
    dp = [(0) for i in range(2 * n)]
    stack = []
    ind = 0
    st = {}
    for i in s:
        if i == '(':
            stack.append(ind)
            st[ind] = 1
        else:
            top = stack.pop()
            st[top] = ind
        ind += 1
    curr = [[[-1, 2 * n]]]
    ans = 0
    while curr:
        chd = []
        while curr:
            x = curr.pop()
            while x:
                cd = []
                [sp, ed] = x.pop()
                f = 1
                s = sp + 1
                while f and s < ed:
                    try:
                        p = st[s] + 1
                        cd.append([s, st[s]])
                        s = p
                    except:
                        f = 0
                if len(cd):
                    chd.append(cd)
        ans += len(chd)
        curr = chd
    return ans


t = int(input())
for test in range(t):
    n = int(input())
    s = input()
    print(codeforces(s, n))
",https://codeforces.com/problemset/problem/1726/C
ADSO_TEST_069,Digital Logarithm,6,"data structures, greedy, sortings","Let's define f(x) for a positive integer x as the length of the base-10 representation of x without leading zeros. I like to call it a digital logarithm. Similar to a digital root, if you are familiar with that.

You are given two arrays a and b, each containing n positive integers. In one operation, you do the following:

pick some integer i from 1 to n;

assign either f(a_i) to a_i or f(b_i) to b_i.

Two arrays are considered similar to each other if you can rearrange the elements in both of them, so that they are equal (e. g. a_i = b_i for all i from 1 to n).

What's the smallest number of operations required to make a and b similar to each other?","The first line contains a single integer t (1 ≤ t ≤ 10^4) — the number of testcases.

The first line of the testcase contains a single integer n (1 ≤ n ≤ 2 ⋅ 10^5) — the number of elements in each of the arrays.

The second line contains n integers a_1, a_2, \dots, a_n (1 ≤ a_i < 10^9).

The third line contains n integers b_1, b_2, \dots, b_n (1 ≤ b_j < 10^9).

The sum of n over all testcases doesn't exceed 2 ⋅ 10^5.","For each testcase, print the smallest number of operations required to make a and b similar to each other.","for _ in range(int(input())):
    n = int(input())
    a = list(map(int, input().split()))
    b = list(map(int, input().split()))
    a.sort()
    b.sort()
    i = 0
    j = 0
    x = [0] * 10
    y = [0] * 10
    s = 0
    while i < n or j < n:
        if i < n and j < n:
            if a[i] == b[j]:
                i += 1
                j += 1
            elif a[i] < b[j]:
                if a[i] < 10:
                    x[a[i]] += 1
                else:
                    x[len(str(a[i]))] += 1
                    s += 1
                i += 1
            elif a[i] > b[j]:
                if b[j] < 10:
                    y[b[j]] += 1
                else:
                    y[len(str(b[j]))] += 1
                    s += 1
                j += 1
        elif i < n:
            if a[i] < 10:
                x[a[i]] += 1
            else:
                x[len(str(a[i]))] += 1
                s += 1
            i += 1
        elif j < n:
            if b[j] < 10:
                y[b[j]] += 1
            else:
                y[len(str(b[j]))] += 1
                s += 1
            j += 1
    for i in range(2, 10):
        s += abs(x[i] - y[i])
    print(s)
",https://codeforces.com/problemset/problem/1728/C
ADSO_TEST_070,Digital Logarithm,6,"data structures, greedy, sortings","Let's define f(x) for a positive integer x as the length of the base-10 representation of x without leading zeros. I like to call it a digital logarithm. Similar to a digital root, if you are familiar with that.

You are given two arrays a and b, each containing n positive integers. In one operation, you do the following:

pick some integer i from 1 to n;

assign either f(a_i) to a_i or f(b_i) to b_i.

Two arrays are considered similar to each other if you can rearrange the elements in both of them, so that they are equal (e. g. a_i = b_i for all i from 1 to n).

What's the smallest number of operations required to make a and b similar to each other?","The first line contains a single integer t (1 ≤ t ≤ 10^4) — the number of testcases.

The first line of the testcase contains a single integer n (1 ≤ n ≤ 2 ⋅ 10^5) — the number of elements in each of the arrays.

The second line contains n integers a_1, a_2, \dots, a_n (1 ≤ a_i < 10^9).

The third line contains n integers b_1, b_2, \dots, b_n (1 ≤ b_j < 10^9).

The sum of n over all testcases doesn't exceed 2 ⋅ 10^5.","For each testcase, print the smallest number of operations required to make a and b similar to each other.","import sys
from collections import defaultdict
input = sys.stdin.readline
rand = 731141807


def cntDig(n):
    cnt = 0
    tmp = n
    while tmp:
        cnt += 1
        tmp //= 10
    return cnt


def sol(a, b, n):
    res = 0
    bst = defaultdict(int)
    for i in b:
        bst[i ^ rand] += 1
    cnta = [0] * 10
    cntb = [0] * 10
    for i in a:
        if bst[i ^ rand]:
            bst[i ^ rand] -= 1
        elif i > 9:
            cnta[cntDig(i)] += 1
            res += 1
        else:
            cnta[i] += 1
    for i in b:
        if bst[i ^ rand]:
            if i > 9:
                cntb[cntDig(i)] += 1
                res += 1
            else:
                cntb[i] += 1
            bst[i ^ rand] -= 1
    for i in range(2, 10):
        res += abs(cnta[i] - cntb[i])
    return res


t = int(input())
for case in range(t):
    n = int(input())
    a = list(map(int, input().split()))
    b = list(map(int, input().split()))
    print(sol(a, b, n))
",https://codeforces.com/problemset/problem/1728/C
ADSO_TEST_071,Binary Deque,4,"binary search, implementation, two pointers","Slavic has an array of length n consisting only of zeroes and ones. In one operation, he removes either the first or the last element of the array.

What is the minimum number of operations Slavic has to perform such that the total sum of the array is equal to s after performing all the operations? In case the sum s can't be obtained after any amount of operations, you should output -1.","The first line contains a single integer t (1 ≤ t ≤ 10^4) — the number of test cases.

The first line of each test case contains two integers n and s (1 ≤ n, s ≤ 2 ⋅ 10^5) — the length of the array and the needed sum of elements.

The second line of each test case contains n integers a_i (0 ≤ a_i ≤ 1) — the elements of the array.

It is guaranteed that the sum of n over all test cases doesn't exceed 2 ⋅ 10^5.","For each test case, output a single integer — the minimum amount of operations required to have the total sum of the array equal to s, or -1 if obtaining an array with sum s isn't possible.","T = int(input())
for t in range(T):
    n, s = [int(i) for i in input().split()]
    A = [int(i) for i in input().split()]
    totalSum = sum(A)
    if totalSum < s:
        print(-1)
        continue
    elif totalSum == s:
        print(0)
        continue
    lptr = 0
    rptr = 0
    curSum = 0
    ans = n
    while lptr < n:
        while rptr < n and curSum + A[rptr] <= s:
            curSum += A[rptr]
            rptr += 1
        ans = min(ans, n - (rptr - lptr))
        curSum -= A[lptr]
        lptr += 1
    print(ans)
",https://codeforces.com/problemset/problem/1692/E
ADSO_TEST_072,Factorise N+M,0,"constructive algorithms, number theory","Pak Chanek has a prime number^\dagger n. Find a prime number m such that n + m is not prime.

^\dagger A prime number is a number with exactly 2 factors. The first few prime numbers are 2,3,5,7,11,13,.... In particular, 1 is not a prime number.","Each test contains multiple test cases. The first line contains an integer t (1 ≤ t ≤ 10^4) — the number of test cases. The following lines contain the description of each test case.

The only line of each test case contains a prime number n (2 ≤ n ≤ 10^5).","For each test case, output a line containing a prime number m (2 ≤ m ≤ 10^5) such that n + m is not prime. It can be proven that under the constraints of the problem, such m always exists.

If there are multiple solutions, you can output any of them.","t = int(input().strip())
for i in range(t):
    n = int(input().strip())
    print(n)
",https://codeforces.com/problemset/problem/1740/A
ADSO_TEST_073,Burenka Plays with Fractions,1,"math, number theory","Burenka came to kindergarden. This kindergarten is quite strange, so each kid there receives two fractions (\frac{a}{b} and \frac{c}{d}) with integer numerators and denominators. Then children are commanded to play with their fractions.

Burenka is a clever kid, so she noticed that when she claps once, she can multiply numerator or denominator of one of her two fractions by any integer of her choice (but she can't multiply denominators by 0). Now she wants know the minimal number of claps to make her fractions equal (by value). Please help her and find the required number of claps!","The first line contains one integer t (1 ≤ t ≤ 10^4) — the number of test cases. Then follow the descriptions of each test case.

The only line of each test case contains four integers a, b, c and d (0 ≤ a, c ≤ 10^9, 1 ≤ b, d ≤ 10^9) — numerators and denominators of the fractions given to Burenka initially.",For each test case print a single integer — the minimal number of claps Burenka needs to make her fractions equal.,"from fractions import Fraction as fr
res = []
for i in range(int(input())):
    a, b, c, d = map(int, input().split())
    f1 = fr(a, b)
    f2 = fr(c, d)
    if f1 == f2:
        res.append(0)
    elif f1 == 0 or f2 == 0 or f1 / f2 == f1 // f2 or f2 / f1 == f2 // f1:
        res.append(1)
    else:
        res.append(2)
print('\n'.join(map(str, res)))
",https://codeforces.com/problemset/problem/1720/A
ADSO_TEST_074,Lucky Permutation,10,"constructive algorithms, dfs and similar, graphs, greedy","You are given a permutation^\dagger p of length n.

In one operation, you can choose two indices 1 ≤ i < j ≤ n and swap p_i with p_j.

Find the minimum number of operations needed to have exactly one inversion^\ddagger in the permutation.

^\dagger A permutation is an array consisting of n distinct integers from 1 to n in arbitrary order. For example, [2,3,1,5,4] is a permutation, but [1,2,2] is not a permutation (2 appears twice in the array), and [1,3,4] is also not a permutation (n=3 but there is 4 in the array).

^\ddagger The number of inversions of a permutation p is the number of pairs of indices (i, j) such that 1 ≤ i < j ≤ n and p_i > p_j.","The first line contains a single integer t (1 ≤ t ≤ 10^4) — the number of test cases. The description of test cases follows.

The first line of each test case contains a single integer n (2 ≤ n ≤ 2 ⋅ 10^5).

The second line of each test case contains n integers p_1,p_2,..., p_n (1 ≤ p_i ≤ n). It is guaranteed that p is a permutation.

It is guaranteed that the sum of n over all test cases does not exceed 2 ⋅ 10^5.",For each test case output a single integer — the minimum number of operations needed to have exactly one inversion in the permutation. It can be proven that an answer always exists.,"import sys
input = sys.stdin.buffer.readline
t = int(input())
for tt in range(t):
    n = int(input())
    cnt = 0
    chk = False
    vis = [0] * (n + 2)
    p = [0] + list(map(int, input().split()))
    for i in range(1, n + 1):
        if vis[i] > 0:
            continue
        k = i
        while True:
            vis[k] = i
            if vis[k - 1] == i or vis[k + 1] == i:
                chk = True
            k = p[k]
            if k == i:
                break
            cnt += 1
    if chk:
        cnt -= 1
    else:
        cnt += 1
    print(cnt)
",https://codeforces.com/problemset/problem/1768/D
ADSO_TEST_075,Traveling Salesman Problem,0,"geometry, greedy, implementation","You are living on an infinite plane with the Cartesian coordinate system on it. In one move you can go to any of the four adjacent points (left, right, up, down).

More formally, if you are standing at the point (x, y), you can:

go left, and move to (x - 1, y), or

go right, and move to (x + 1, y), or

go up, and move to (x, y + 1), or

go down, and move to (x, y - 1).

There are n boxes on this plane. The i-th box has coordinates (x_i,y_i). It is guaranteed that the boxes are either on the x-axis or the y-axis. That is, either x_i=0 or y_i=0.

You can collect a box if you and the box are at the same point. Find the minimum number of moves you have to perform to collect all of these boxes if you have to start and finish at the point (0,0).","The first line contains a single integer t (1 ≤ t ≤ 100) — the number of test cases.

The first line of each test case contains a single integer n (1 ≤ n ≤ 100) — the number of boxes.

The i-th line of the following n lines contains two integers x_i and y_i (-100 ≤ x_i, y_i ≤ 100) — the coordinate of the i-th box. It is guaranteed that either x_i=0 or y_i=0.

Do note that the sum of n over all test cases is not bounded.",For each test case output a single integer — the minimum number of moves required.,"t = int(input())
while t > 0:
    t -= 1
    n = int(input())
    MySet = set()
    for i in range(n):
        MySet.add(tuple(map(int, input().split())))
    l = 0
    i = 0
    j = 0
    for x in range(-100, 101):
        for y in range(-100, 101):
            if (x, y) in MySet:
                l += abs(i - x) + abs(j - y)
                i = x
                j = y
    l += abs(i) + abs(j)
    print(l)
",https://codeforces.com/problemset/problem/1713/A
ADSO_TEST_076,Path Prefixes,9,"binary search, data structures, dfs and similar, trees","You are given a rooted tree. It contains n vertices, which are numbered from 1 to n. The root is the vertex 1.

Each edge has two positive integer values. Thus, two positive integers a_j and b_j are given for each edge.

Output n-1 numbers r_2, r_3, \dots, r_n, where r_i is defined as follows.

Consider the path from the root (vertex 1) to i (2 ≤ i ≤ n). Let the sum of the costs of a_j along this path be A_i. Then r_i is equal to the length of the maximum prefix of this path such that the sum of b_j along this prefix does not exceed A_i.

Example for n=9. The blue color shows the costs of a_j, and the red color shows the costs of b_j.

Consider an example. In this case:

r_2=0, since the path to 2 has an amount of a_j equal to 5, only the prefix of this path of length 0 has a smaller or equal amount of b_j;

r_3=3, since the path to 3 has an amount of a_j equal to 5+9+5=19, the prefix of length 3 of this path has a sum of b_j equal to 6+10+1=17 ( the number is 17 ≤ 19);

r_4=1, since the path to 4 has an amount of a_j equal to 5+9=14, the prefix of length 1 of this path has an amount of b_j equal to 6 (this is the longest suitable prefix, since the prefix of length 2 already has an amount of b_j equal to 6+10=16, which is more than 14);

r_5=2, since the path to 5 has an amount of a_j equal to 5+9+2=16, the prefix of length 2 of this path has a sum of b_j equal to 6+10=16 (this is the longest suitable prefix, since the prefix of length 3 already has an amount of b_j equal to 6+10+1=17, what is more than 16);

r_6=1, since the path up to 6 has an amount of a_j equal to 2, the prefix of length 1 of this path has an amount of b_j equal to 1;

r_7=1, since the path to 7 has an amount of a_j equal to 5+3=8, the prefix of length 1 of this path has an amount of b_j equal to 6 (this is the longest suitable prefix, since the prefix of length 2 already has an amount of b_j equal to 6+3=9, which is more than 8);

r_8=2, since the path up to 8 has an amount of a_j equal to 2+4=6, the prefix of length 2 of this path has an amount of b_j equal to 1+3=4;

r_9=3, since the path to 9 has an amount of a_j equal to 2+4+1=7, the prefix of length 3 of this path has a sum of b_j equal to 1+3+3=7.","The first line contains an integer t (1 ≤ t ≤ 10^4) — the number of test cases in the test.

The descriptions of test cases follow.

Each description begins with a line that contains an integer n (2 ≤ n ≤ 2⋅10^5) — the number of vertices in the tree.

This is followed by n-1 string, each of which contains three numbers p_j, a_j, b_j (1 ≤ p_j ≤ n; 1 ≤ a_j,b_j ≤ 10^9) — the ancestor of the vertex j, the first and second values an edge that leads from p_j to j. The value of j runs through all values from 2 to n inclusive. It is guaranteed that each set of input data has a correct hanged tree with a root at the vertex 1.

It is guaranteed that the sum of n over all input test cases does not exceed 2⋅10^5.","For each test case, output n-1 integer in one line: r_2, r_3, \dots, r_n.","from bisect import bisect_left, bisect_right
import sys, threading


def solve():
    for _ in range(int(input())):
        n = int(input())
        graph = [[] for i in range(n + 1)]
        for i in range(2, n + 1):
            u, aj, pj = map(int, input().split())
            graph[i].append([u, aj, pj])
            graph[u].append([i, aj, pj])
        preaj = [0] * (n + 1)
        maxpath = [0] * (n + 1)
        vis = set()
        vis.add(1)

        def dfs(node, post):
            for i in graph[node[0]]:
                if i[0] not in vis:
                    vis.add(i[0])
                    preaj[i[0]] = preaj[node[0]] + i[1]
                    find = 0
                    if len(post) != 0:
                        post.append(i[2] + post[-1])
                    if len(post) == 0:
                        post.append(i[2])
                    find = bisect_right(post, preaj[i[0]])
                    maxpath[i[0]] = find
                    dfs(i, post)
                    post.pop()
        dfs([1, 0, 0], [])
        print(*maxpath[2:])


threading.Thread(target=solve).start()
",https://codeforces.com/problemset/problem/1714/G
ADSO_TEST_077,Lucky Permutation,10,"constructive algorithms, dfs and similar, graphs, greedy","You are given a permutation^\dagger p of length n.

In one operation, you can choose two indices 1 ≤ i < j ≤ n and swap p_i with p_j.

Find the minimum number of operations needed to have exactly one inversion^\ddagger in the permutation.

^\dagger A permutation is an array consisting of n distinct integers from 1 to n in arbitrary order. For example, [2,3,1,5,4] is a permutation, but [1,2,2] is not a permutation (2 appears twice in the array), and [1,3,4] is also not a permutation (n=3 but there is 4 in the array).

^\ddagger The number of inversions of a permutation p is the number of pairs of indices (i, j) such that 1 ≤ i < j ≤ n and p_i > p_j.","The first line contains a single integer t (1 ≤ t ≤ 10^4) — the number of test cases. The description of test cases follows.

The first line of each test case contains a single integer n (2 ≤ n ≤ 2 ⋅ 10^5).

The second line of each test case contains n integers p_1,p_2,..., p_n (1 ≤ p_i ≤ n). It is guaranteed that p is a permutation.

It is guaranteed that the sum of n over all test cases does not exceed 2 ⋅ 10^5.",For each test case output a single integer — the minimum number of operations needed to have exactly one inversion in the permutation. It can be proven that an answer always exists.,"t = int(input())
for _ in range(t):
    n = int(input())
    L = list(map(int, input().split()))
    a = 0
    Visited = [False] * n
    C = []
    f = False
    for i in range(n):
        if not Visited[i]:
            if L[i] == i + 1:
                Visited[i] = True
            else:
                c = 1
                j = i
                K = [i]
                Visited[j] = True
                while L[j] != i + 1:
                    j = L[j] - 1
                    K.append(j)
                    Visited[j] = True
                    c += 1
                C.append(c)
                K.sort()
                for i in range(1, len(K)):
                    if K[i] == K[i - 1] + 1:
                        f = True
                        break
    ans = 0
    for i in range(len(C)):
        ans += C[i] - 1
    if f:
        ans -= 1
    else:
        ans += 1
    print(ans)
",https://codeforces.com/problemset/problem/1768/D
ADSO_TEST_078,Double Sort,4,"implementation, sortings","You are given two arrays a and b, both consisting of n integers.

In one move, you can choose two indices i and j (1 ≤ i, j ≤ n; i ≠ j) and swap a_i with a_j and b_i with b_j. You have to perform the swap in both arrays.

You are allowed to perform at most 10^4 moves (possibly, zero). Can you make both arrays sorted in a non-decreasing order at the end? If you can, print any sequence of moves that makes both arrays sorted.","The first line contains a single integer t (1 ≤ t ≤ 100) — the number of testcases.

The first line of each testcase contains a single integer n (2 ≤ n ≤ 100) — the number of elements in both arrays.

The second line contains n integers a_1, a_2, \dots, a_n (1 ≤ a_i ≤ n) — the first array.

The third line contains n integers b_1, b_2, \dots, b_n (1 ≤ b_i ≤ n) — the second array.","For each testcase, print the answer. If it's impossible to make both arrays sorted in a non-decreasing order in at most 10^4 moves, print -1. Otherwise, first, print the number of moves k (0 ≤ k ≤ 10^4). Then print i and j for each move (1 ≤ i, j ≤ n; i ≠ j).

If there are multiple answers, then print any of them. You don't have to minimize the number of moves.","t = int(input())
for j in range(t):
    n = int(input())
    a = str(input()).split(' ')
    b = str(input()).split(' ')
    arr = []
    brr = []
    true = []
    inv = []
    for i in range(n):
        arr.append((i, int(a[i]), int(b[i])))
        brr.append((i, int(b[i]), int(a[i])))
        true.append(i)
        inv.append(i)
    arr.sort(key=lambda x: (x[1], x[2]))
    brr.sort(key=lambda x: (x[1], x[2]))
    answer = []
    flag = True
    for i in range(n - 1):
        if arr[i][0] != brr[i][0]:
            flag = False
            break
    if flag:
        for i in range(n - 1):
            if true[arr[i][0]] != i:
                answer.append((true[arr[i][0]], i))
                true[inv[i]] = true[arr[i][0]]
                inv[true[arr[i][0]]] = inv[i]
                true[arr[i][0]] = i
                inv[i] = arr[i][0]
        print(len(answer))
        for i in answer:
            print(i[0] + 1, i[1] + 1)
    else:
        print(-1)
",https://codeforces.com/problemset/problem/1681/C
ADSO_TEST_079,Madoka and The Corruption Scheme,11,"combinatorics, constructive algorithms, greedy, math","Madoka decided to entrust the organization of a major computer game tournament ""OSU""!

In this tournament, matches are held according to the ""Olympic system"". In other words, there are 2^n participants in the tournament, numbered with integers from 1 to 2^n. There are n rounds in total in the tournament. In the i-th round there are 2^{n - i} matches between two players (one of whom is right, the other is left), after which the winners go further along the tournament grid, and the losing participants are eliminated from the tournament. Herewith, the relative order in the next round does not change. And the winner of the tournament — is the last remaining participant.

But the smaller the participant's number, the more he will pay Madoka if he wins, so Madoka wants the participant with the lowest number to win. To do this, she can arrange the participants in the first round as she likes, and also determine for each match who will win — the participant on the left or right.

But Madoka knows that tournament sponsors can change the winner in matches no more than k times. (That is, if the participant on the left won before the change, then the participant on the right will win after the change, and if the participant on the right won, then the participant on the left will win after the change).

So, the first image shows the tournament grid that Madoka made, where the red lines denote who should win the match. And the second one shows the tournament grid, after one change in the outcome of the match by sponsors (a match between 1 and 3 players).

Print the minimum possible number of the winner in the tournament, which Madoka can get regardless of changes in sponsors. But since the answer can be very large, output it modulo 10^9 + 7. Note that we need to minimize the answer, and only then take it modulo.","The first and the only line contains two integers n and k (1 ≤ n ≤ 10^5, 1 ≤ k ≤ \min(2^n - 1, 10^9)) — the number of rounds in the tournament and the number of outcomes that sponsors can change.",Print exactly one integer — the minimum number of the winner modulo 10^9 + 7,"MOD = 10 ** 9 + 7
MAX_F = 10 ** 5 + 5
fact = [(1) for i in range(MAX_F)]
ifact = [(1) for i in range(MAX_F)]


def mult(a, b):
    return a * b % MOD


def power(a, n):
    if n == 0:
        return 1
    tmp = power(a, n // 2)
    if n % 2 == 0:
        return mult(tmp, tmp) % MOD
    return mult(a, mult(tmp, tmp)) % MOD


def C(n, k):
    if k < 0 or k > n:
        return 0
    return mult(fact[n], mult(ifact[n - k], ifact[k]))


def init():
    n = MAX_F - 1
    for i in range(1, n + 1):
        fact[i] = mult(fact[i - 1], i)
    ifact[n] = power(fact[n], MOD - 2)
    for i in range(n - 1, 0, -1):
        ifact[i] = mult(ifact[i + 1], i + 1)


init()
n, k = map(int, input().split())
res = 0
for m in range(min(n, k) + 1):
    res += C(n, m)
    res = res % MOD
print(res)
",https://codeforces.com/problemset/problem/1717/D
ADSO_TEST_080,Ela Sorting Books,1,"greedy, implementation, strings","Ela loves reading a lot, just like her new co-workers in DTL! On her first day after becoming an engineer in DTL, she is challenged by a co-worker to sort a heap of books into different compartments on the shelf.

n books must be split into k compartments on the bookshelf (n is divisible by k). Each book is represented by a lowercase Latin letter from 'a' to 'y' inclusively, which is the beginning letter in the title of the book.

Ela must stack exactly \frac{n}{k} books in each compartment. After the books are stacked, for each compartment indexed from 1 to k, she takes the minimum excluded (MEX) letter of the multiset of letters formed by letters representing all books in that compartment, then combines the resulting letters into a string. The first letter of the resulting string is the MEX letter of the multiset of letters formed by the first compartment, the second letter of the resulting string is the MEX letter of the multiset of letters formed by the second compartment, ... and so on. Please note, under the constraint of this problem, MEX letter can always be determined for any multiset found in this problem because 'z' is not used.

What is the lexicographically greatest resulting string possible that Ela can create?

A string a is lexicographically greater than a string b if and only if one of the following holds:

b is a prefix of a, but b \ne a;

in the first position where a and b differ, the string a has a letter that appears later in the alphabet than the corresponding letter in b.

The minimum excluded (MEX) letter of a multiset of letters is the letter that appears earliest in the alphabet and is not contained in the multiset. For example, if a multiset of letters contains 7 letters 'b', 'a', 'b', 'c', 'e', 'c', 'f' respectively, then the MEX letter of this compartment is 'd', because 'd' is not included in the multiset, and all letters comes before 'd' in the alphabet, namely 'a', 'b' and 'c', are included in the multiset.","Each test contains multiple test cases. The first line contains the number of test cases t (1 ≤ t ≤ 100). Description of the test cases follows.

The first line of each test case contains two integers n and k (1 ≤ n ≤ 200; 1 ≤ k ≤ n). It is guaranteed that n is divisible by k.

The second line of each test case contains a string of n lowercase Latin letters from 'a' to 'y' inclusively. Each letter represents the starting letter of the title of a book in the initial heap.

It is guaranteed that the sum of n over all test cases does not exceed 1000.","For each test case, output a string of k letters which is the most optimal string that Ela can find.","def eraseLex(alpha, limit, div):
    lst = []
    letAns = 'a'
    for let in alpha.keys():
        if alpha[let] == 0 or div == 0:
            letAns = let
            break
        else:
            lst.append(let)
            div -= 1
    theMin = min([alpha[i] for i in lst], default=limit)
    if theMin > limit:
        theMin = limit
    for i in lst:
        alpha[i] -= theMin
    return theMin * letAns


def func2():
    n, k = map(int, input().split())
    val = input()
    div = n / k
    allLetters = 'abcdefghijklmnopqrstuvwxyz'
    alpha = {}
    for j in allLetters:
        alpha[j] = 0
    for i in val:
        alpha[i] += 1
    ans = ''
    c = 0
    while c < k:
        ans += eraseLex(alpha, k - c, div)
        c = len(ans)
    return ans


def main():
    t = int(input())
    for i in range(t):
        print(func2())


main()
",https://codeforces.com/problemset/problem/1737/A
ADSO_TEST_081,GCD Partition,3,"brute force, greedy, math, number theory","While at Kira's house, Josuke saw a piece of paper on the table with a task written on it.

The task sounded as follows. There is an array a of length n. On this array, do the following:

select an integer k > 1;

split the array into k subsegments ^\dagger;

calculate the sum in each of k subsegments and write these sums to another array b (where the sum of the subsegment (l, r) is {\sum_{j = l}^{r}a_j});

the final score of such a split will be \gcd(b_1, b_2, ..., b_k)^\ddagger.

The task is to find such a partition that the score is maximum possible. Josuke is interested in this task but is not strong in computer science. Help him to find the maximum possible score.

^\dagger A division of an array into k subsegments is k pairs of numbers (l_1, r_1), (l_2, r_2), ..., (l_k, r_k) such that l_i ≤ r_i and for every 1 ≤ j ≤ k - 1 l_{j + 1} = r_j + 1, also l_1 = 1 and r_k = n. These pairs represent the subsegments.

^\ddagger \gcd(b_1, b_2, ..., b_k) stands for the

greatest common divisor (GCD)

of the array b.","The first line contains a single number t (1 ≤ t ≤ 10^4) — the number of test cases.

For each test case, the first line contains one integer n (2 ≤ n ≤ 2 ⋅ 10^5) — the length of the array a.

The second line contains n integers a_1, a_2, a_3, ..., a_n (1 ≤ a_i ≤ 10^9 ) — the array a itself.

It is guaranteed that the sum of n over all test cases does not exceed 2 ⋅ 10^5.",For each test case print a single integer — the maximum score for the optimal partition.,"from math import gcd
t = int(input())
while t:
    t -= 1
    n = int(input())
    l = list(map(int, input().split()))
    p = [l[0]]
    for i in range(1, len(l)):
        p.append(p[i - 1] + l[i])
    ans = -1
    for i in range(len(p) - 1):
        ans = max(ans, gcd(p[i], p[n - 1] - p[i]))
    print(ans)
",https://codeforces.com/problemset/problem/1780/B
ADSO_TEST_082,Print a Pedestal (Codeforces logo?),0,"constructive algorithms, greedy","Given the integer n — the number of available blocks. You must use all blocks to build a pedestal.

The pedestal consists of 3 platforms for 2-nd, 1-st and 3-rd places respectively. The platform for the 1-st place must be strictly higher than for the 2-nd place, and the platform for the 2-nd place must be strictly higher than for the 3-rd place. Also, the height of each platform must be greater than zero (that is, each platform must contain at least one block).

Example pedestal of n=11 blocks: second place height equals 4 blocks, first place height equals 5 blocks, third place height equals 2 blocks.

Among all possible pedestals of n blocks, deduce one such that the platform height for the 1-st place minimum as possible. If there are several of them, output any of them.","The first line of input data contains an integer t (1 ≤ t ≤ 10^4) — the number of test cases.

Each test case contains a single integer n (6 ≤ n ≤ 10^5) — the total number of blocks for the pedestal. All n blocks must be used.

It is guaranteed that the sum of n values over all test cases does not exceed 10^6.","For each test case, output 3 numbers h_2, h_1, h_3 — the platform heights for 2-nd, 1-st and 3-rd places on a pedestal consisting of n blocks (h_1+h_2+h_3=n, 0 < h_3 < h_2 < h_1).

Among all possible pedestals, output the one for which the value of h_1 minimal. If there are several of them, output any of them.","import math
test = int(input())
for _ in range(0, test):
    n = int(input())
    second = math.ceil(n / 3)
    first = second + 1
    third = n - (first + second)
    if third == 0:
        third = 1
        second -= 1
    if third == second:
        third -= 1
        first += 1
    print(second, first, third)
",https://codeforces.com/problemset/problem/1690/A
ADSO_TEST_083,Permutation Operations,5,"constructive algorithms, greedy, implementation, math","You are given a permutation a of size n and you should perform n operations on it. In the i-th operation, you can choose a non-empty suffix of a and increase all of its elements by i. How can we perform the operations to minimize the number of inversions in the final array?

Note that you can perform operations on the same suffix any number of times you want.

A permutation of size n is an array of size n such that each integer from 1 to n occurs exactly once in this array. A suffix is several consecutive elements of an array that include the last element of the array. An inversion in an array a is a pair of indices (i, j) such that i > j and a_{i} < a_{j}.","Each test contains multiple test cases. The first line contains the number of test cases t (1 ≤ t ≤ 10^4). The description of the test cases follows.

The first line of each test case contains a single integer n (1 ≤ n ≤ 10^5) — the size of the array.

The second line contains n distinct integers a_{1}, a_{2}, \dots, a_{n} (1 ≤ a_i ≤ n), the initial permutation a.

It's guaranteed that the sum of n over all test cases does not exceed 2 ⋅ 10^5.","For each test case, print n integers x_{1}, x_{2}, ..., x_{n} (1 ≤ x_{i} ≤ n for each 1 ≤ i ≤ n) indicating that the i-th operation must be applied to the suffix starting at index x_{i}. If there are multiple answers, print any of them.","t = int(input())
for i in range(t):
    n = int(input())
    arr = list(map(int, input().split()))
    d = {}
    for i in range(n):
        d[arr[i]] = i
    for j in range(n):
        print(d[n - j] + 1, end=' ')
    print()
",https://codeforces.com/problemset/problem/1746/C
ADSO_TEST_084,Path Prefixes,9,"binary search, data structures, dfs and similar, trees","You are given a rooted tree. It contains n vertices, which are numbered from 1 to n. The root is the vertex 1.

Each edge has two positive integer values. Thus, two positive integers a_j and b_j are given for each edge.

Output n-1 numbers r_2, r_3, \dots, r_n, where r_i is defined as follows.

Consider the path from the root (vertex 1) to i (2 ≤ i ≤ n). Let the sum of the costs of a_j along this path be A_i. Then r_i is equal to the length of the maximum prefix of this path such that the sum of b_j along this prefix does not exceed A_i.

Example for n=9. The blue color shows the costs of a_j, and the red color shows the costs of b_j.

Consider an example. In this case:

r_2=0, since the path to 2 has an amount of a_j equal to 5, only the prefix of this path of length 0 has a smaller or equal amount of b_j;

r_3=3, since the path to 3 has an amount of a_j equal to 5+9+5=19, the prefix of length 3 of this path has a sum of b_j equal to 6+10+1=17 ( the number is 17 ≤ 19);

r_4=1, since the path to 4 has an amount of a_j equal to 5+9=14, the prefix of length 1 of this path has an amount of b_j equal to 6 (this is the longest suitable prefix, since the prefix of length 2 already has an amount of b_j equal to 6+10=16, which is more than 14);

r_5=2, since the path to 5 has an amount of a_j equal to 5+9+2=16, the prefix of length 2 of this path has a sum of b_j equal to 6+10=16 (this is the longest suitable prefix, since the prefix of length 3 already has an amount of b_j equal to 6+10+1=17, what is more than 16);

r_6=1, since the path up to 6 has an amount of a_j equal to 2, the prefix of length 1 of this path has an amount of b_j equal to 1;

r_7=1, since the path to 7 has an amount of a_j equal to 5+3=8, the prefix of length 1 of this path has an amount of b_j equal to 6 (this is the longest suitable prefix, since the prefix of length 2 already has an amount of b_j equal to 6+3=9, which is more than 8);

r_8=2, since the path up to 8 has an amount of a_j equal to 2+4=6, the prefix of length 2 of this path has an amount of b_j equal to 1+3=4;

r_9=3, since the path to 9 has an amount of a_j equal to 2+4+1=7, the prefix of length 3 of this path has a sum of b_j equal to 1+3+3=7.","The first line contains an integer t (1 ≤ t ≤ 10^4) — the number of test cases in the test.

The descriptions of test cases follow.

Each description begins with a line that contains an integer n (2 ≤ n ≤ 2⋅10^5) — the number of vertices in the tree.

This is followed by n-1 string, each of which contains three numbers p_j, a_j, b_j (1 ≤ p_j ≤ n; 1 ≤ a_j,b_j ≤ 10^9) — the ancestor of the vertex j, the first and second values an edge that leads from p_j to j. The value of j runs through all values from 2 to n inclusive. It is guaranteed that each set of input data has a correct hanged tree with a root at the vertex 1.

It is guaranteed that the sum of n over all input test cases does not exceed 2⋅10^5.","For each test case, output n-1 integer in one line: r_2, r_3, \dots, r_n.","import bisect
for _ in range(int(input())):
    n = int(input())
    child = {i: [] for i in range(1, n + 1)}
    a = {(1): 0}
    b = {(1): 0}
    cura = 0
    curb = 0
    cumb = []
    for i in range(2, n + 1):
        pi, ai, bi = map(int, input().split())
        child[pi].append(i)
        a[i] = ai
        b[i] = bi
    ans = {(1): 0}
    q = [1]
    vis = {}
    while q:
        x = q.pop()
        if x in vis:
            cura -= a[x]
            curb -= b[x]
            cumb.pop()
        else:
            cura += a[x]
            curb += b[x]
            cumb.append(curb)
            ans[x] = bisect.bisect_right(cumb, cura) - 1
            q.append(x)
            vis[x] = True
            for i in child[x]:
                q.append(i)
    for i in range(2, n + 1):
        print(ans[i], end=' ')
    print()
",https://codeforces.com/problemset/problem/1714/G
ADSO_TEST_085,Masha and a Beautiful Tree,5,"dfs and similar, divide and conquer, graphs, sortings, trees","The girl named Masha was walking in the forest and found a complete binary tree of height n and a permutation p of length m=2^n.

A complete binary tree of height n is a rooted tree such that every vertex except the leaves has exactly two sons, and the length of the path from the root to any of the leaves is n. The picture below shows the complete binary tree for n=2.

A permutation is an array consisting of n different integers from 1 to n. For example, [2,3,1,5,4] is a permutation, but [1,2,2] is not (2 occurs twice), and [1,3,4] is also not a permutation (n=3, but there is 4 in the array).

Let's enumerate m leaves of this tree from left to right. The leaf with the number i contains the value p_i (1 ≤ i ≤ m).

For example, if n = 2, p = [3, 1, 4, 2], the tree will look like this:

Masha considers a tree beautiful if the values in its leaves are ordered from left to right in increasing order.

In one operation, Masha can choose any non-leaf vertex of the tree and swap its left and right sons (along with their subtrees).

For example, if Masha applies this operation to the root of the tree discussed above, it will take the following form:

Help Masha understand if she can make a tree beautiful in a certain number of operations. If she can, then output the minimum number of operations to make the tree beautiful.","The first line contains single integer t (1 ≤ t ≤ 10^4) — number of test cases.

In each test case, the first line contains an integer m (1 ≤ m ≤ 262144), which is a power of two  — the size of the permutation p.

The second line contains m integers: p_1, p_2, \dots, p_m (1 ≤ p_i ≤ m) — the permutation p.

It is guaranteed that the sum of m over all test cases does not exceed 3 ⋅ 10^5.","For each test case in a separate line, print the minimum possible number of operations for which Masha will be able to make the tree beautiful or -1, if this is not possible.","t = int(input())
for _ in range(t):
    n = int(input())
    a = [(int(i) - 1) for i in input().split()]
    s = 0
    imp = False
    while len(a) > 1:
        b = []
        for i in range(0, len(a) - 1, 2):
            if abs(a[i] - a[i + 1]) != 1:
                imp = True
                break
            if a[i] > a[i + 1]:
                s += 1
            b.append(min(a[i], a[i + 1]) // 2)
        if imp:
            print(-1)
            break
        a = b
    else:
        print(s)
",https://codeforces.com/problemset/problem/1741/D
ADSO_TEST_086,Sending a Sequence Over the Network,8,dp,"The sequence a is sent over the network as follows:

sequence a is split into segments (each element of the sequence belongs to exactly one segment, each segment is a group of consecutive elements of sequence);

for each segment, its length is written next to it, either to the left of it or to the right of it;

the resulting sequence b is sent over the network.

For example, we needed to send the sequence a = [1, 2, 3, 1, 2, 3]. Suppose it was split into segments as follows: [\color{red}{1}] + [\color{blue}{2, 3, 1}] + [\color{green}{2, 3}]. Then we could have the following sequences:

b = [1, \color{red}{1}, 3, \color{blue}{2, 3, 1}, \color{green}{2, 3}, 2],

b = [\color{red}{1}, 1, 3, \color{blue}{2, 3, 1}, 2, \color{green}{2, 3}],

b = [\color{red}{1}, 1, \color{blue}{2, 3, 1}, 3, 2, \color{green}{2, 3}],

b = [\color{red}{1}, 1,\color{blue}{2, 3, 1}, 3, \color{green}{2, 3}, 2].

If a different segmentation had been used, the sent sequence might have been different.

The sequence b is given. Could the sequence b be sent over the network? In other words, is there such a sequence a that converting a to send it over the network could result in a sequence b?","The first line of input data contains a single integer t (1 ≤ t ≤ 10^4) — the number of test cases.

Each test case consists of two lines.

The first line of the test case contains an integer n (1 ≤ n ≤ 2 ⋅ 10^5) — the size of the sequence b.

The second line of test case contains n integers b_1, b_2, \dots, b_n (1 ≤ b_i ≤ 10^9) — the sequence b itself.

It is guaranteed that the sum of n over all test cases does not exceed 2 ⋅ 10^5.","For each test case print on a separate line:

YES if sequence b could be sent over the network, that is, if sequence b could be obtained from some sequence a to send a over the network.

NO otherwise.

You can output YES and NO in any case (for example, strings yEs, yes, Yes and YES will be recognized as positive response).","from sys import stdin, stdout
N = 200002
g = [[] for i in range(N)]
vis = None


def dfs(source):
    st = [source]
    while st:
        u = st.pop()
        if not vis[u]:
            vis[u] = True
            for v in g[u]:
                st.append(v)


tc = int(stdin.readline())
output = ''
for cs in range(tc):
    n = int(stdin.readline())
    a = [int(x) for x in stdin.readline().split()]
    for i in range(n):
        if i + a[i] < n:
            g[i].append(i + a[i] + 1)
        if i - a[i] >= 0:
            g[i - a[i]].append(i + 1)
    vis = [(False) for i in range(n + 1)]
    dfs(0)
    if vis[n]:
        output += 'YES\n'
    else:
        output += 'NO\n'
    for i in range(n):
        g[i].clear()
print(output)
",https://codeforces.com/problemset/problem/1741/E
ADSO_TEST_087,Line,3,"greedy, sortings","There are n people in a horizontal line, each looking either to the left or the right. Each person counts the number of people in the direction they are looking. The value of the line is the sum of each person's count.

For example, in the arrangement LRRLL, where L stands for a person looking left and R stands for a person looking right, the counts for each person are [0, 3, 2, 3, 4], and the value is 0+3+2+3+4=12.

You are given the initial arrangement of people in the line. For each k from 1 to n, determine the maximum value of the line if you can change the direction of at most k people.","The input consists of multiple test cases. The first line contains an integer t (1 ≤ t ≤ 100) — the number of test cases. The description of the test cases follows.

The first line of each test case contains an integer n (1 ≤ n ≤ 2⋅10^5) — the length of the line.

The following line contains a string consisting of n characters, each of which is either L or R, representing a person facing left or right, respectively — the description of the line.

It is guaranteed that the sum of n over all test cases does not exceed 2⋅10^5.

Please note that the answer for some test cases won't fit into 32-bit integer type, so you should use at least 64-bit integer type in your programming language (like long long for C++).","For each test case, output n space-separated non-negative integers — the maximum value of the line if you can change the direction of at most k people for each k from 1 to n, inclusive.","t = int(input())
for i in range(0, t):
    n = int(input())
    s = list(input())
    a = 0
    b = 0
    for j in range(0, n):
        if s[j] == 'L':
            a += j
        else:
            a += n - 1 - j
    if n % 2 != 0:
        for j in range(0, n // 2):
            if s[j] == 'L':
                s[j] = 'R'
                a = a + n - 1 - 2 * j
                print(a, end=' ')
                b += 1
            if s[n - 1 - j] == 'R':
                s[j] = 'L'
                a = a + n - 1 - 2 * j
                print(a, end=' ')
                b += 1
        while b < n:
            print(a, end=' ')
            b += 1
    else:
        for j in range(0, n // 2):
            if s[j] == 'L':
                s[j] = 'R'
                a = a + n - 1 - 2 * j
                b += 1
                print(a, end=' ')
            if s[n - j - 1] == 'R':
                s[j] = 'L'
                a = a + n - 1 - 2 * j
                print(a, end=' ')
                b += 1
        while b < n:
            print(a, end=' ')
            b += 1
    print(' ')
",https://codeforces.com/problemset/problem/1722/D
ADSO_TEST_088,Mathematical Circus,0,"constructive algorithms, math","A new entertainment has appeared in Buryatia — a mathematical circus! The magician shows two numbers to the audience — n and k, where n is even. Next, he takes all the integers from 1 to n, and splits them all into pairs (a, b) (each integer must be in exactly one pair) so that for each pair the integer (a + k) ⋅ b is divisible by 4 (note that the order of the numbers in the pair matters), or reports that, unfortunately for viewers, such a split is impossible.

Burenka really likes such performances, so she asked her friend Tonya to be a magician, and also gave him the numbers n and k.

Tonya is a wolf, and as you know, wolves do not perform in the circus, even in a mathematical one. Therefore, he asks you to help him. Let him know if a suitable splitting into pairs is possible, and if possible, then tell it.","The first line contains one integer t (1 ≤ t ≤ 10^4) — the number of test cases. The following is a description of the input data sets.

The single line of each test case contains two integers n and k (2 ≤ n ≤ 2 ⋅ 10^5, 0 ≤ k ≤ 10^9, n is even) — the number of integers and the number being added k.

It is guaranteed that the sum of n over all test cases does not exceed 2 ⋅ 10^5.","For each test case, first output the string ""YES"" if there is a split into pairs, and ""NO"" if there is none.

If there is a split, then in the following \frac{n}{2} lines output pairs of the split, in each line print 2 numbers — first the integer a, then the integer b.","for i in range(int(input())):
    n, k = list(map(int, input().split()))
    l = [0] * (n + 1)
    c = 0
    ans = []
    for i in range(1, n):
        a = i
        b = a + 1
        if l[a] == 0 and l[b] == 0:
            if (a + k) * b % 4 == 0:
                ans.append([a, b])
                l[a] = l[b] = 1
                c += 1
            elif (b + k) * a % 4 == 0:
                ans.append([b, a])
                l[a] = l[b] = 1
                c += 1
    if c == n // 2:
        print('YES')
        for i in ans:
            print(i[0], i[1])
    else:
        print('NO')
",https://codeforces.com/problemset/problem/1719/B
ADSO_TEST_089,Permutation Operations,5,"constructive algorithms, greedy, implementation, math","You are given a permutation a of size n and you should perform n operations on it. In the i-th operation, you can choose a non-empty suffix of a and increase all of its elements by i. How can we perform the operations to minimize the number of inversions in the final array?

Note that you can perform operations on the same suffix any number of times you want.

A permutation of size n is an array of size n such that each integer from 1 to n occurs exactly once in this array. A suffix is several consecutive elements of an array that include the last element of the array. An inversion in an array a is a pair of indices (i, j) such that i > j and a_{i} < a_{j}.","Each test contains multiple test cases. The first line contains the number of test cases t (1 ≤ t ≤ 10^4). The description of the test cases follows.

The first line of each test case contains a single integer n (1 ≤ n ≤ 10^5) — the size of the array.

The second line contains n distinct integers a_{1}, a_{2}, \dots, a_{n} (1 ≤ a_i ≤ n), the initial permutation a.

It's guaranteed that the sum of n over all test cases does not exceed 2 ⋅ 10^5.","For each test case, print n integers x_{1}, x_{2}, ..., x_{n} (1 ≤ x_{i} ≤ n for each 1 ≤ i ≤ n) indicating that the i-th operation must be applied to the suffix starting at index x_{i}. If there are multiple answers, print any of them.","t = int(input())
for i in range(t):
    n = int(input())
    a = list(map(int, input().split()))
    p = a[0]
    b = [None] * n
    v = 0
    for j in a:
        b[v] = p - j, v
        p = j
        v += 1
    b.sort()
    s = ''
    for x in b:
        s += str(x[1] + 1)
        s += ' '
    print(s)
",https://codeforces.com/problemset/problem/1746/C
ADSO_TEST_090,Traveling Salesman Problem,0,"geometry, greedy, implementation","You are living on an infinite plane with the Cartesian coordinate system on it. In one move you can go to any of the four adjacent points (left, right, up, down).

More formally, if you are standing at the point (x, y), you can:

go left, and move to (x - 1, y), or

go right, and move to (x + 1, y), or

go up, and move to (x, y + 1), or

go down, and move to (x, y - 1).

There are n boxes on this plane. The i-th box has coordinates (x_i,y_i). It is guaranteed that the boxes are either on the x-axis or the y-axis. That is, either x_i=0 or y_i=0.

You can collect a box if you and the box are at the same point. Find the minimum number of moves you have to perform to collect all of these boxes if you have to start and finish at the point (0,0).","The first line contains a single integer t (1 ≤ t ≤ 100) — the number of test cases.

The first line of each test case contains a single integer n (1 ≤ n ≤ 100) — the number of boxes.

The i-th line of the following n lines contains two integers x_i and y_i (-100 ≤ x_i, y_i ≤ 100) — the coordinate of the i-th box. It is guaranteed that either x_i=0 or y_i=0.

Do note that the sum of n over all test cases is not bounded.",For each test case output a single integer — the minimum number of moves required.,"t = int(input())
for tc in range(t):
    x = [0]
    y = [0]
    n = int(input())
    for i in range(n):
        a, b = map(int, input().split())
        x.append(a)
        y.append(b)
    print((max(x) - min(x) + max(y) - min(y)) * 2)
",https://codeforces.com/problemset/problem/1713/A
ADSO_TEST_091,Line,3,"greedy, sortings","There are n people in a horizontal line, each looking either to the left or the right. Each person counts the number of people in the direction they are looking. The value of the line is the sum of each person's count.

For example, in the arrangement LRRLL, where L stands for a person looking left and R stands for a person looking right, the counts for each person are [0, 3, 2, 3, 4], and the value is 0+3+2+3+4=12.

You are given the initial arrangement of people in the line. For each k from 1 to n, determine the maximum value of the line if you can change the direction of at most k people.","The input consists of multiple test cases. The first line contains an integer t (1 ≤ t ≤ 100) — the number of test cases. The description of the test cases follows.

The first line of each test case contains an integer n (1 ≤ n ≤ 2⋅10^5) — the length of the line.

The following line contains a string consisting of n characters, each of which is either L or R, representing a person facing left or right, respectively — the description of the line.

It is guaranteed that the sum of n over all test cases does not exceed 2⋅10^5.

Please note that the answer for some test cases won't fit into 32-bit integer type, so you should use at least 64-bit integer type in your programming language (like long long for C++).","For each test case, output n space-separated non-negative integers — the maximum value of the line if you can change the direction of at most k people for each k from 1 to n, inclusive.","from collections import deque, defaultdict, Counter
from heapq import heappush, heappop, heapify
from math import inf
from functools import lru_cache
from itertools import accumulate
from typing import List
import sys
T = int(input())
for _ in range(T):
    N = int(input())
    S = input()
    maxheap = []
    mid = (N - 1) // 2
    cur = 0
    for i in range(N):
        if S[i] == 'L':
            cur += i
        else:
            cur += N - 1 - i
        if S[i] == 'L' and i <= mid:
            heappush(maxheap, -(N - i - 1 - i))
        elif S[i] == 'R' and i > mid:
            heappush(maxheap, -(i - (N - i - 1)))
        else:
            heappush(maxheap, 0)
    ans = []
    summation = 0
    for _ in range(N):
        summation += -heappop(maxheap)
        ans.append(cur + summation)
    print(*ans)
",https://codeforces.com/problemset/problem/1722/D
ADSO_TEST_092,Card Game,7,"combinatorics, constructive algorithms, dp, games","Consider a game with n cards (n is even). Each card has a number written on it, between 1 and n. All numbers on the cards are different. We say that a card with number x is stronger than a card with number y if x > y.

Two players, Alex and Boris, play this game. In the beginning, each of them receives exactly \frac{n}{2} cards, so each card belongs to exactly one player. Then, they take turns. Alex goes first, then Boris, then Alex again, and so on.

On a player's turn, he must play exactly one of his cards. Then, if the opponent doesn't have any cards stronger than the card played, the opponent loses, and the game ends. Otherwise, the opponent has to play a stronger card (exactly one card as well). These two cards are removed from the game, and the turn ends. If there are no cards left, the game ends in a draw; otherwise it's the opponent's turn.

Consider all possible ways to distribute the cards between two players, so that each of them receives exactly half of the cards. You have to calculate three numbers:

the number of ways to distribute the cards so that Alex wins;

the number of ways to distribute the cards so that Boris wins;

the number of ways to distribute the cards so that the game ends in a draw.

You may assume that both players play optimally (i. e. if a player can win no matter how his opponent plays, he wins). Two ways to distribute the cards are different if there is at least one card such that, in one of these ways, it is given to Alex, and in the other way, it is given to Boris.

For example, suppose n = 4, Alex receives the cards [2, 3], and Boris receives the cards [1, 4]. Then the game may go as follows:

if Alex plays the card 2, then Boris has to respond with the card 4. Then, Alex's turn ends, and Boris' turn starts. Boris has only one card left, which is 1; he plays it, and Alex responds with the card 3. So, the game ends in a draw;

if Alex plays the card 3, then Boris has to respond with the card 4. Then, Alex's turn ends, and Boris' turn starts. Boris has only one card left, which is 1; he plays it, and Alex responds with the card 2. So, the game ends in a draw.

So, in this case, the game ends in a draw.","The first line contains one integer t (1 ≤ t ≤ 30) — the number of test cases.

Then, t lines follow. The i-th line contains one even integer n (2 ≤ n ≤ 60).","For each test case, print three integers:

the number of ways to distribute the cards so that Alex wins;

the number of ways to distribute the cards so that Boris wins;

the number of ways to distribute the cards so that the game ends in a draw.

Since the answers can be large, print them modulo 998244353.","mod = 998244353
tmp = 0
f = []
fact = 1
f.append(fact)
for i in range(1, 100001):
    fact = fact * i % mod
    f.append(fact)


def power(x, y):
    res = 1
    while y:
        if y % 2:
            res = res * x % mod
        y = y // 2
        x = x * x % mod
    return res


def ncr(n, r):
    tmp = power(f[r], mod - 2) * f[n] % mod
    tmp = tmp * power(f[n - r], mod - 2) % mod
    return tmp


a = [1, 3]
b = [0, 2]
for i in range(3, 31):
    x = (ncr(2 * i - 1, i - 1) + b[-1]) % mod
    y = (ncr(2 * (i - 1), i - 2) + a[-1]) % mod
    a.append(x)
    b.append(y)
t = int(input())
while t > 0:
    n = int(input())
    print(a[n // 2 - 1], b[n // 2 - 1], 1)
    t -= 1
",https://codeforces.com/problemset/problem/1739/C
ADSO_TEST_093,Coprime,3,"brute force, greedy, number theory","Given an array of n positive integers a_1, a_2, \dots, a_n (1 ≤ a_i ≤ 1000). Find the maximum value of i + j such that a_i and a_j are coprime,^{\dagger} or -1 if no such i, j exist.

For example consider the array [1, 3, 5, 2, 4, 7, 7]. The maximum value of i + j that can be obtained is 5 + 7, since a_5 = 4 and a_7 = 7 are coprime.

^{\dagger} Two integers p and q are

coprime

if the only positive integer that is a divisor of both of them is 1 (that is, their

greatest common divisor

is 1).","The input consists of multiple test cases. The first line contains an integer t (1 ≤ t ≤ 10) — the number of test cases. The description of the test cases follows.

The first line of each test case contains an integer n (2 ≤ n ≤ 2⋅10^5) — the length of the array.

The following line contains n space-separated positive integers a_1, a_2,..., a_n (1 ≤ a_i ≤ 1000) — the elements of the array.

It is guaranteed that the sum of n over all test cases does not exceed 2⋅10^5.","For each test case, output a single integer  — the maximum value of i + j such that i and j satisfy the condition that a_i and a_j are coprime, or output -1 in case no i, j satisfy the condition.","def gcd(a: int, b: int):
    if b == 0:
        return a
    else:
        return gcd(b, a % b)


arr = []
for i in range(1004):
    arr.append([])
for i in range(1, 1001):
    for j in range(i, 1001):
        if gcd(j, i) == 1:
            arr[i].append(j)
T = int(input())
while T > 0:
    T -= 1
    n = int(input())
    num = [int(x) for x in input().strip().split(' ')]
    dis = [0] * 1005
    for i in range(n):
        if dis[num[i]] < i + 1:
            dis[num[i]] = i + 1
    ans = -1
    for i in range(1001, 0, -1):
        if dis[i] != 0:
            for j in arr[i]:
                if dis[j] != 0:
                    if ans < dis[i] + dis[j]:
                        ans = dis[i] + dis[j]
    print(ans)
",https://codeforces.com/problemset/problem/1742/D
ADSO_TEST_094,Hossam and Combinatorics,1,"combinatorics, math, sortings","Hossam woke up bored, so he decided to create an interesting array with his friend Hazem.

Now, they have an array a of n positive integers, Hossam will choose a number a_i and Hazem will choose a number a_j.

Count the number of interesting pairs (a_i, a_j) that meet all the following conditions:

1 ≤ i, j ≤ n;

i ≠ j;

The absolute difference |a_i - a_j| must be equal to the maximum absolute difference over all the pairs in the array. More formally, |a_i - a_j| = \max_{1 ≤ p, q ≤ n} |a_p - a_q|.","The input consists of multiple test cases. The first line contains a single integer t (1 ≤ t ≤ 100), which denotes the number of test cases. Description of the test cases follows.

The first line of each test case contains an integer n (2 ≤ n ≤ 10^5).

The second line of each test case contains n integers a_1, a_2, \dots, a_n (1 ≤ a_i ≤ 10^5).

It is guaranteed that the sum of n over all test cases does not exceed 10^5.","For each test case print an integer — the number of interesting pairs (a_i, a_j).","for _ in range(int(input())):
    n = int(input())
    L = list(map(int, input().split()))
    m = max(L)
    l = min(L)
    diff = m - l
    S = set(L)
    L1 = [(0) for i in range(2 * 10 ** 5)]
    count = 0
    for i in range(n):
        if L1[L[i]] != 0:
            count += 2 * L1[L[i]]
        t1 = diff + L[i]
        L1[t1] += 1
        t2 = L[i] - diff
        if t2 > 0 and t1 != t2:
            L1[t2] += 1
    print(count)
",https://codeforces.com/problemset/problem/1771/A
ADSO_TEST_095,Robots,0,implementation,"There is a field divided into n rows and m columns. Some cells are empty (denoted as E), other cells contain robots (denoted as R).

You can send a command to all robots at the same time. The command can be of one of the four types:

move up;

move right;

move down;

move left.

When you send a command, all robots at the same time attempt to take one step in the direction you picked. If a robot tries to move outside the field, it explodes; otherwise, every robot moves to an adjacent cell in the chosen direction.

You can send as many commands as you want (possibly, zero), in any order. Your goal is to make at least one robot reach the upper left corner of the field. Can you do this without forcing any of the robots to explode?","The first line contains one integer t (1 ≤ t ≤ 5000) — the number of test cases.

Each test case starts with a line containing two integers n and m (1 ≤ n, m ≤ 5) — the number of rows and the number of columns, respectively. Then n lines follow; each of them contains a string of m characters. Each character is either E (empty cell} or R (robot).

Additional constraint on the input: in each test case, there is at least one robot on the field.","If it is possible to make at least one robot reach the upper left corner of the field so that no robot explodes, print YES. Otherwise, print NO.","def solve(n, m, matrix):
    min_point = None
    min_row = n
    min_column = m
    for i, row in enumerate(matrix):
        for j, cell in enumerate(row):
            if cell == 'R':
                if not min_point:
                    min_point = i, j
                min_row = min(min_row, i)
                min_column = min(min_column, j)
                if min_point != (min_row, min_column):
                    return 'NO'
    return 'YES'


t = int(input())
for _ in range(t):
    n, m = [int(e) for e in input().split()]
    matrix = []
    for _ in range(n):
        matrix.append(input())
    print(solve(n, m, matrix))
",https://codeforces.com/problemset/problem/1680/B
ADSO_TEST_096,Funny Permutation,0,"constructive algorithms, math","A sequence of n numbers is called permutation if it contains all numbers from 1 to n exactly once. For example, the sequences [3, 1, 4, 2], [1] and [2,1] are permutations, but [1,2,1], [0,1] and [1,3,4] are not.

For a given number n you need to make a permutation p such that two requirements are satisfied at the same time:

For each element p_i, at least one of its neighbors has a value that differs from the value of p_i by one. That is, for each element p_i (1 ≤ i ≤ n), at least one of its neighboring elements (standing to the left or right of p_i) must be p_i + 1, or p_i - 1.

the permutation must have no fixed points. That is, for every i (1 ≤ i ≤ n), p_i ≠ i must be satisfied.

Let's call the permutation that satisfies these requirements funny.

For example, let n = 4. Then [4, 3, 1, 2] is a funny permutation, since:

to the right of p_1=4 is p_2=p_1-1=4-1=3;

to the left of p_2=3 is p_1=p_2+1=3+1=4;

to the right of p_3=1 is p_4=p_3+1=1+1=2;

to the left of p_4=2 is p_3=p_4-1=2-1=1.

for all i is p_i \ne i.

For a given positive integer n, output any funny permutation of length n, or output -1 if funny permutation of length n does not exist.","The first line of input data contains a single integer t (1 ≤ t ≤ 10^4) — the number of test cases.

The description of the test cases follows.

Each test case consists of f single line containing one integer n (2 ≤ n ≤ 2 ⋅ 10^5).

It is guaranteed that the sum of n over all test cases does not exceed 2 ⋅ 10^5.","For each test case, print on a separate line:

any funny permutation p of length n;

or the number -1 if the permutation you are looking for does not exist.","t = int(input())
for i in range(0, t):
    n = int(input())
    k = int((n + 1) / 2)
    if n == 3:
        print(-1)
        continue
    elif n % 2 == 0:
        for i in range(n, 0, -1):
            print(i, end=' ')
            i -= 1
        print('')
    else:
        for i in range(n, k, -1):
            print(i, end=' ')
            i -= 1
        for i in range(1, k + 1):
            print(i, end=' ')
            i += 1
        print('')
    t = t - 1
",https://codeforces.com/problemset/problem/1741/B
ADSO_TEST_097,Factorise N+M,0,"constructive algorithms, number theory","Pak Chanek has a prime number^\dagger n. Find a prime number m such that n + m is not prime.

^\dagger A prime number is a number with exactly 2 factors. The first few prime numbers are 2,3,5,7,11,13,.... In particular, 1 is not a prime number.","Each test contains multiple test cases. The first line contains an integer t (1 ≤ t ≤ 10^4) — the number of test cases. The following lines contain the description of each test case.

The only line of each test case contains a prime number n (2 ≤ n ≤ 10^5).","For each test case, output a line containing a prime number m (2 ≤ m ≤ 10^5) such that n + m is not prime. It can be proven that under the constraints of the problem, such m always exists.

If there are multiple solutions, you can output any of them.","from sys import stdin
array = [(True) for i in range(100001 + 1)]


def prime_under_n(n):
    global array
    for i in range(2, int(n ** 0.5) + 1):
        if array[i] == True:
            j = 2
            while i * j <= n:
                array[i * j] = False
                j += 1
    return [i for i in range(2, n + 1) if array[i]]


primes = prime_under_n(100001)
l = len(primes)
t = int(stdin.readline().rstrip())
for _ in range(t):
    n = int(stdin.readline().rstrip())
    for i in range(0, l):
        if array[n + primes[i]] == False:
            print(primes[i])
            break
",https://codeforces.com/problemset/problem/1740/A
ADSO_TEST_098,Sending a Sequence Over the Network,8,dp,"The sequence a is sent over the network as follows:

sequence a is split into segments (each element of the sequence belongs to exactly one segment, each segment is a group of consecutive elements of sequence);

for each segment, its length is written next to it, either to the left of it or to the right of it;

the resulting sequence b is sent over the network.

For example, we needed to send the sequence a = [1, 2, 3, 1, 2, 3]. Suppose it was split into segments as follows: [\color{red}{1}] + [\color{blue}{2, 3, 1}] + [\color{green}{2, 3}]. Then we could have the following sequences:

b = [1, \color{red}{1}, 3, \color{blue}{2, 3, 1}, \color{green}{2, 3}, 2],

b = [\color{red}{1}, 1, 3, \color{blue}{2, 3, 1}, 2, \color{green}{2, 3}],

b = [\color{red}{1}, 1, \color{blue}{2, 3, 1}, 3, 2, \color{green}{2, 3}],

b = [\color{red}{1}, 1,\color{blue}{2, 3, 1}, 3, \color{green}{2, 3}, 2].

If a different segmentation had been used, the sent sequence might have been different.

The sequence b is given. Could the sequence b be sent over the network? In other words, is there such a sequence a that converting a to send it over the network could result in a sequence b?","The first line of input data contains a single integer t (1 ≤ t ≤ 10^4) — the number of test cases.

Each test case consists of two lines.

The first line of the test case contains an integer n (1 ≤ n ≤ 2 ⋅ 10^5) — the size of the sequence b.

The second line of test case contains n integers b_1, b_2, \dots, b_n (1 ≤ b_i ≤ 10^9) — the sequence b itself.

It is guaranteed that the sum of n over all test cases does not exceed 2 ⋅ 10^5.","For each test case print on a separate line:

YES if sequence b could be sent over the network, that is, if sequence b could be obtained from some sequence a to send a over the network.

NO otherwise.

You can output YES and NO in any case (for example, strings yEs, yes, Yes and YES will be recognized as positive response).","def __(f):
    for i in range(len(f)):
        print(f[i][0], end=' ')
    print()
    for i in range(len(f)):
        print(f[i][1], end=' ')
    print()


for _ in range(int(input())):
    n = int(input())
    arr = [0] + list(map(int, input().split()))
    f = [[True, True]] + [[False, False] for i in range(len(arr))]
    for i, a in enumerate(arr):
        if i > 0:
            pre_idx = i - a - 1
            if pre_idx >= 0 and (f[pre_idx][0] or f[pre_idx][1]):
                f[i][0] = True
            else:
                f[i][0] = False
            if (f[i - 1][0] or f[i - 1][1]) and i + a < len(arr):
                f[i + a][1] = True
    if f[len(arr) - 1][0] or f[len(arr) - 1][1]:
        print('YES')
    else:
        print('NO')
",https://codeforces.com/problemset/problem/1741/E
ADSO_TEST_099,Minimum LCM,2,"math, number theory","You are given an integer n.

Your task is to find two positive (greater than 0) integers a and b such that a+b=n and the least common multiple (LCM) of a and b is the minimum among all possible values of a and b. If there are multiple answers, you can print any of them.","The first line contains a single integer t (1 ≤ t ≤ 100) — the number of test cases.

The first line of each test case contains a single integer n (2 ≤ n ≤ 10^9).","For each test case, print two positive integers a and b — the answer to the problem. If there are multiple answers, you can print any of them.","import math
a = [int(input()) for i in range(int(input()))]
primes = [2, 3]
for i in range(4, math.ceil(math.sqrt(10 ** 9))):
    isprime = True
    for x in primes:
        if i % x == 0:
            isprime = False
            break
    if isprime:
        primes.append(i)
for x in a:
    done = True
    for i in primes:
        if i > x / 2:
            break
        if x % i == 0:
            print(x // i, x - x // i)
            done = False
            break
    if done:
        print(1, x - 1)
",https://codeforces.com/problemset/problem/1765/M
ADSO_TEST_100,Divisibility by 2^n,4,"greedy, math, sortings","You are given an array of positive integers a_1, a_2, ..., a_n.

Make the product of all the numbers in the array (that is, a_1 ⋅ a_2 ⋅ ... ⋅ a_n) divisible by 2^n.

You can perform the following operation as many times as you like:

select an arbitrary index i (1 ≤ i ≤ n) and replace the value a_i with a_i=a_i ⋅ i.

You cannot apply the operation repeatedly to a single index. In other words, all selected values of i must be different.

Find the smallest number of operations you need to perform to make the product of all the elements in the array divisible by 2^n. Note that such a set of operations does not always exist.","The first line of the input contains a single integer t (1 ≤ t ≤ 10^4) — the number test cases.

Then the descriptions of the input data sets follow.

The first line of each test case contains a single integer n (1 ≤ n ≤ 2 ⋅ 10^5) — the length of array a.

The second line of each test case contains exactly n integers: a_1, a_2, ..., a_n (1 ≤ a_i ≤ 10^9).

It is guaranteed that the sum of n values over all test cases in a test does not exceed 2 ⋅ 10^5.","For each test case, print the least number of operations to make the product of all numbers in the array divisible by 2^n. If the answer does not exist, print -1.","import sys
import math
from collections import Counter
from collections import defaultdict
from collections import deque
input = sys.stdin.readline
from functools import lru_cache
import heapq


def inp():
    return int(input())


def inlt():
    return list(map(int, input().split()))


def insr():
    s = input()
    return list(s[:len(s) - 1])


def invr():
    return map(int, input().split())


power = []


@lru_cache(None)
def find(i):
    return 1 + find(i // 2) if i % 2 == 0 else 0


for i in range(1, 2 * 10 ** 5 + 1):
    power.append(find(i))
for _ in range(inp()):
    n = inp()
    arr = inlt()
    number = 0
    ans = 0
    for i in range(n):
        number += find(arr[i])
    if number >= n:
        print(ans)
        continue
    else:
        p = power[:n]
        p.sort(reverse=True)
        for i in range(n):
            ans += 1
            number += p[i]
            if number >= n:
                break
        print(ans) if number >= n else print(-1)
",https://codeforces.com/problemset/problem/1744/D
ADSO_TEST_101,Mathematical Circus,0,"constructive algorithms, math","A new entertainment has appeared in Buryatia — a mathematical circus! The magician shows two numbers to the audience — n and k, where n is even. Next, he takes all the integers from 1 to n, and splits them all into pairs (a, b) (each integer must be in exactly one pair) so that for each pair the integer (a + k) ⋅ b is divisible by 4 (note that the order of the numbers in the pair matters), or reports that, unfortunately for viewers, such a split is impossible.

Burenka really likes such performances, so she asked her friend Tonya to be a magician, and also gave him the numbers n and k.

Tonya is a wolf, and as you know, wolves do not perform in the circus, even in a mathematical one. Therefore, he asks you to help him. Let him know if a suitable splitting into pairs is possible, and if possible, then tell it.","The first line contains one integer t (1 ≤ t ≤ 10^4) — the number of test cases. The following is a description of the input data sets.

The single line of each test case contains two integers n and k (2 ≤ n ≤ 2 ⋅ 10^5, 0 ≤ k ≤ 10^9, n is even) — the number of integers and the number being added k.

It is guaranteed that the sum of n over all test cases does not exceed 2 ⋅ 10^5.","For each test case, first output the string ""YES"" if there is a split into pairs, and ""NO"" if there is none.

If there is a split, then in the following \frac{n}{2} lines output pairs of the split, in each line print 2 numbers — first the integer a, then the integer b.","t = int(input())
for _ in range(t):
    n, x = map(int, input().split())
    l = []
    b = True
    for i in range(1, n + 1, 2):
        p = (i + x) * (i + 1)
        q = (i + 1 + x) * i
        if p % 4 == 0:
            l.append([i, i + 1])
        elif q % 4 == 0:
            l.append([i + 1, i])
        else:
            b = False
            break
    if b == False:
        print('NO')
    else:
        print('YES')
        for i in range(len(l)):
            print(*l[i])
",https://codeforces.com/problemset/problem/1719/B
ADSO_TEST_102,Smaller,7,"constructive algorithms, greedy, strings","Alperen has two strings, s and t which are both initially equal to ""a"".

He will perform q operations of two types on the given strings:

1 \;\; k \;\; x — Append the string x exactly k times at the end of string s. In other words, s := s + \underbrace{x + \dots + x}_{k \text{ times}}.

2 \;\; k \;\; x — Append the string x exactly k times at the end of string t. In other words, t := t + \underbrace{x + \dots + x}_{k \text{ times}}.

After each operation, determine if it is possible to rearrange the characters of s and t such that s is lexicographically smaller^{\dagger} than t.

Note that the strings change after performing each operation and don't go back to their initial states.

^{\dagger} Simply speaking, the lexicographical order is the order in which words are listed in a dictionary. A formal definition is as follows: string p is lexicographically smaller than string q if there exists a position i such that p_i < q_i, and for all j < i, p_j = q_j. If no such i exists, then p is lexicographically smaller than q if the length of p is less than the length of q. For example, {abdc} < {abe} and {abc} < {abcd}, where we write p < q if p is lexicographically smaller than q.","The first line of the input contains an integer t (1 ≤ t ≤ 10^4) — the number of test cases.

The first line of each test case contains an integer q (1 ≤ q ≤ 10^5) — the number of operations Alperen will perform.

Then q lines follow, each containing two positive integers d and k (1 ≤ d ≤ 2; 1 ≤ k ≤ 10^5) and a non-empty string x consisting of lowercase English letters — the type of the operation, the number of times we will append string x and the string we need to append respectively.

It is guaranteed that the sum of q over all test cases doesn't exceed 10^5 and that the sum of lengths of all strings x in the input doesn't exceed 5 ⋅ 10^5.","For each operation, output ""YES"", if it is possible to arrange the elements in both strings in such a way that s is lexicographically smaller than t and ""NO"" otherwise.","from sys import stdin, stdout, setrecursionlimit


def Output(x):
    return stdout.write(str(x) + '\n')


def Input():
    return stdin.readline()


modulo = 1000000000 + 7
from collections import *
import bisect, itertools, threading
from math import *
from heapq import *
from queue import PriorityQueue


class Solution:

    def dj_waale_babu(self, n, arr):
        sa, sb = 1, 1
        f1, f2 = 0, 0
        for p, k, x in arr:
            if f1:
                print('YES')
                continue
            elif p == '2':
                for i in x:
                    if i != 'a':
                        f1 = True
                        break
                    else:
                        sb += int(k)
            else:
                for i in x:
                    if i > 'a':
                        f2 = True
                        break
                    else:
                        sa += int(k)
            if f1:
                print('YES')
            elif f2:
                print('NO')
            elif sa < sb:
                print('YES')
            else:
                print('NO')


for t in range(int(Input())):
    n = int(Input())
    arr = []
    for i in range(n):
        record = list(input().split())
        arr.append(record)
    ans = Solution().dj_waale_babu(n, arr)
",https://codeforces.com/problemset/problem/1742/F
ADSO_TEST_103,Minimum Notation,4,"data structures, greedy, math, sortings","You have a string s consisting of digits from 0 to 9 inclusive. You can perform the following operation any (possibly zero) number of times:

You can choose a position i and delete a digit d on the i-th position. Then insert the digit \min{(d + 1, 9)} on any position (at the beginning, at the end or in between any two adjacent digits).

What is the lexicographically smallest string you can get by performing these operations?

A string a is lexicographically smaller than a string b of the same length if and only if the following holds:

in the first position where a and b differ, the string a has a smaller digit than the corresponding digit in b.","The first line contains a single integer t (1 ≤ t ≤ 10^4) — the number of test cases. Then the test cases follow.

Each test case consists of a single line that contains one string s (1 ≤ |s| ≤ 2 ⋅ 10^5) — the string consisting of digits. Please note that s is just a string consisting of digits, so leading zeros are allowed.

It is guaranteed that the sum of lengths of s over all test cases does not exceed 2 ⋅ 10^5.",Print a single string — the minimum string that is possible to obtain.,"from statistics import mean
t = int(input())
for _ in range(t):
    s = input()
    s = s[-1::-1]
    n = len(s)
    m = 10
    l_f = [0] * 10
    for i in s:
        if int(i) <= m:
            l_f[int(i)] += 1
            m = int(i)
        elif i != '9':
            l_f[int(i) + 1] += 1
        else:
            l_f[10 - 1] += 1
    for j in range(10):
        while l_f[j]:
            print(j, end='')
            l_f[j] -= 1
    print()
",https://codeforces.com/problemset/problem/1730/C
ADSO_TEST_104,Doremy's Paint,0,greedy,"Doremy has n buckets of paint which is represented by an array a of length n. Bucket i contains paint with color a_i.

Let c(l,r) be the number of distinct elements in the subarray [a_l,a_{l+1},...,a_r]. Choose 2 integers l and r such that l ≤ r and r-l-c(l,r) is maximized.","The input consists of multiple test cases. The first line contains a single integer t (1≤ t≤ 10^4)  — the number of test cases. The description of the test cases follows.

The first line of each test case contains a single integer n (1 ≤ n ≤ 10^5) — the length of the array a.

The second line of each test case contains n integers a_1,a_2,...,a_n (1 ≤ a_i ≤ n).

It is guaranteed that the sum of n does not exceed 10^5.","For each test case, output l and r such that l ≤ r and r-l-c(l,r) is maximized.

If there are multiple solutions, you may output any.","import sys
import re
import math
from math import log2
from math import log
from math import ceil
from math import gcd
from decimal import *
from collections import deque
import random
import heapq
import itertools
import datetime
const = 1000000007
ep = 1e-08


def get():
    return list(map(int, input().split()))


n = int(input())
for i in range(n):
    m = int(input())
    line = get()
    print('1' + ' ' + str(m))
",https://codeforces.com/problemset/problem/1764/A
ADSO_TEST_105,Madoka and The Corruption Scheme,11,"combinatorics, constructive algorithms, greedy, math","Madoka decided to entrust the organization of a major computer game tournament ""OSU""!

In this tournament, matches are held according to the ""Olympic system"". In other words, there are 2^n participants in the tournament, numbered with integers from 1 to 2^n. There are n rounds in total in the tournament. In the i-th round there are 2^{n - i} matches between two players (one of whom is right, the other is left), after which the winners go further along the tournament grid, and the losing participants are eliminated from the tournament. Herewith, the relative order in the next round does not change. And the winner of the tournament — is the last remaining participant.

But the smaller the participant's number, the more he will pay Madoka if he wins, so Madoka wants the participant with the lowest number to win. To do this, she can arrange the participants in the first round as she likes, and also determine for each match who will win — the participant on the left or right.

But Madoka knows that tournament sponsors can change the winner in matches no more than k times. (That is, if the participant on the left won before the change, then the participant on the right will win after the change, and if the participant on the right won, then the participant on the left will win after the change).

So, the first image shows the tournament grid that Madoka made, where the red lines denote who should win the match. And the second one shows the tournament grid, after one change in the outcome of the match by sponsors (a match between 1 and 3 players).

Print the minimum possible number of the winner in the tournament, which Madoka can get regardless of changes in sponsors. But since the answer can be very large, output it modulo 10^9 + 7. Note that we need to minimize the answer, and only then take it modulo.","The first and the only line contains two integers n and k (1 ≤ n ≤ 10^5, 1 ≤ k ≤ \min(2^n - 1, 10^9)) — the number of rounds in the tournament and the number of outcomes that sponsors can change.",Print exactly one integer — the minimum number of the winner modulo 10^9 + 7,"def corruption(n, k):
    MOD = 10 ** 9 + 7
    if k >= n:
        return 2 ** n % MOD
    res = 1
    choose = 1
    for i in range(1, k + 1):
        choose = choose * (n - i + 1) * pow(i, -1, MOD) % MOD
        res = (res + choose) % MOD
    return res


n, k = tuple(map(int, input().split()))
print(corruption(n, k))
",https://codeforces.com/problemset/problem/1717/D
ADSO_TEST_106,Increasing,0,"greedy, implementation, sortings","You are given an array a of n positive integers. Determine if, by rearranging the elements, you can make the array strictly increasing. In other words, determine if it is possible to rearrange the elements such that a_1 < a_2 < \dots < a_n holds.","The first line contains a single integer t (1 ≤ t ≤ 100) — the number of test cases.

The first line of each test case contains a single integer n (1 ≤ n ≤ 100) — the length of the array.

The second line of each test case contains n integers a_i (1 ≤ a_i ≤ 10^9) — the elements of the array.","For each test case, output ""YES"" (without quotes) if the array satisfies the condition, and ""NO"" (without quotes) otherwise.

You can output the answer in any case (for example, the strings ""yEs"", ""yes"", ""Yes"" and ""YES"" will be recognized as a positive answer).","import sys
from xmlrpc.client import FastMarshaller


def get_ints():
    return map(int, sys.stdin.readline().strip().split())


def get_arr():
    return list(map(int, sys.stdin.readline().strip().split()))


def get_string():
    return sys.stdin.readline().strip()


t = int(input())
while t:
    t -= 1
    n = int(input())
    a = get_arr()
    a.sort()
    check = True
    for i in range(0, n - 1):
        if a[i] == a[i + 1]:
            check = False
    if check:
        print('YES')
    else:
        print('NO')
",https://codeforces.com/problemset/problem/1742/B
ADSO_TEST_107,SSeeeeiinngg DDoouubbllee,0,"constructive algorithms, strings","A palindrome is a string that reads the same backward as forward. For example, the strings {z}, {aaa}, {aba}, and {abccba} are palindromes, but {codeforces} and {ab} are not.

The double of a string s is obtained by writing each character twice. For example, the double of {seeing} is {sseeeeiinngg}.

Given a string s, rearrange its double to form a palindrome. Output the rearranged string. It can be proven that such a rearrangement always exists.","The first line of input contains t (1 ≤ t ≤ 1000) — the number of test cases.

The only line of each test case contains a single string s (1 ≤ |s| ≤ 100) consisting only of lowercase English letters.

Note that the sum of |s| over all test cases is not bounded.","For each test case, output a palindromic string of length 2 ⋅ |s| that is a rearrangement of the double of s.","t = int(input())
for i in range(t):
    a = input()
    s1 = list(a)
    s2 = s1[::-1]
    b = ''
    for i in s2:
        b += i
    print(a + b)
",https://codeforces.com/problemset/problem/1758/A
ADSO_TEST_108,Rebellion,0,"constructive algorithms, greedy, two pointers","You have an array a of size n consisting only of zeroes and ones. You can do the following operation:

choose two indices 1 ≤ i , j ≤ n, i \ne j,

add a_{i} to a_{j},

remove a_{i} from a.

Note that elements of a can become bigger than 1 after performing some operations. Also note that n becomes 1 less after the operation.

What is the minimum number of operations needed to make a non-decreasing, i. e. that each element is not less than the previous element?","Each test contains multiple test cases. The first line contains the number of test cases t (1 ≤ t ≤ 10^4). The description of the test cases follows.

The first line of each test case contains an integer n (1 ≤ n ≤ 10^5), the size of array a.

Next line contains n integers a_{1}, a_{2}, ... a_{n} (a_i is 0 or 1), elements of array a.

It's guaranteed that sum of n over all test cases doesn't exceed 2 ⋅ 10^5.","For each test case print a single integer, minimum number of operations needed to make a non-decreasing.","import math
import os
import random
import re
import sys
from math import gcd
from math import sqrt
from math import prod
from collections import Counter
from itertools import compress
from collections import deque
import statistics
from statistics import mode
for _ in range(int(input())):
    n = int(input())
    arr = list(map(int, input().split()))
    lol = []
    for i in arr:
        lol.append(i)
    new_arr = arr
    new_arr.sort()
    ans = 0
    ln = len(arr)
    for i in range(ln):
        if arr[i] != lol[i]:
            ans += 1
    print(ans // 2)
",https://codeforces.com/problemset/problem/1746/B
ADSO_TEST_109,awoo's Favorite Problem,6,"binary search, constructive algorithms, data structures, greedy, implementation, strings, two pointers","You are given two strings s and t, both of length n. Each character in both string is 'a', 'b' or 'c'.

In one move, you can perform one of the following actions:

choose an occurrence of ""ab"" in s and replace it with ""ba"";

choose an occurrence of ""bc"" in s and replace it with ""cb"".

You are allowed to perform an arbitrary amount of moves (possibly, zero). Can you change string s to make it equal to string t?","The first line contains a single integer q (1 ≤ q ≤ 10^4) — the number of testcases.

The first line of each testcase contains a single integer n (1 ≤ n ≤ 10^5) — the length of strings s and t.

The second line contains string s of length n. Each character is 'a', 'b' or 'c'.

The third line contains string t of length n. Each character is 'a', 'b' or 'c'.

The sum of n over all testcases doesn't exceed 10^5.","For each testcase, print ""YES"" if you can change string s to make it equal to string t by performing an arbitrary amount of moves (possibly, zero). Otherwise, print ""NO"".","q = int(input())
for _ in range(q):
    n = int(input())
    s = input().strip()
    t = input().strip()
    stack_s = 0
    stack_t = 0
    for s_c, t_c in zip(s, t):
        if s_c == 'a':
            if stack_t == 0:
                stack_s += 1
            else:
                break
        if t_c == 'a':
            if stack_s > 0 and stack_t == 0:
                stack_s -= 1
            else:
                break
        if t_c == 'c':
            if stack_s == 0:
                stack_t += 1
            else:
                break
        if s_c == 'c':
            if stack_s == 0 and stack_t > 0:
                stack_t -= 1
            else:
                break
    else:
        if stack_s == stack_t == 0:
            print('YES')
            continue
    print('NO')
",https://codeforces.com/problemset/problem/1697/C
ADSO_TEST_110,Extremely Round,0,"brute force, implementation","Let's call a positive integer extremely round if it has only one non-zero digit. For example, 5000, 4, 1, 10, 200 are extremely round integers; 42, 13, 666, 77, 101 are not.

You are given an integer n. You have to calculate the number of extremely round integers x such that 1 ≤ x ≤ n.","The first line contains one integer t (1 ≤ t ≤ 10^4) — the number of test cases.

Then, t lines follow. The i-th of them contains one integer n (1 ≤ n ≤ 999999) — the description of the i-th test case.","For each test case, print one integer — the number of extremely round integers x such that 1 ≤ x ≤ n.","for _ in range(int(input())):
    xin = input()
    zan = len(xin)
    wan = int(xin[0])
    xan = 9 * (zan - 1)
    print(wan + xan)
",https://codeforces.com/problemset/problem/1766/A
ADSO_TEST_111,Schedule Management,6,"binary search, greedy, implementation, two pointers","There are n workers and m tasks. The workers are numbered from 1 to n. Each task i has a value a_i — the index of worker who is proficient in this task.

Every task should have a worker assigned to it. If a worker is proficient in the task, they complete it in 1 hour. Otherwise, it takes them 2 hours.

The workers work in parallel, independently of each other. Each worker can only work on one task at once.

Assign the workers to all tasks in such a way that the tasks are completed as early as possible. The work starts at time 0. What's the minimum time all tasks can be completed by?","The first line contains a single integer t (1 ≤ t ≤ 10^4) — the number of testcases.

The first line of each testcase contains two integers n and m (1 ≤ n ≤ m ≤ 2 ⋅ 10^5) — the number of workers and the number of tasks.

The second line contains m integers a_1, a_2, \dots, a_m (1 ≤ a_i ≤ n) — the index of the worker proficient in the i-th task.

The sum of m over all testcases doesn't exceed 2 ⋅ 10^5.","For each testcase, print a single integer — the minimum time all tasks can be completed by.","def solve(d):
    total = sum(d if x > d else x + (d - x) // 2 for x in c)
    return total >= m


for _ in range(int(input())):
    n, m = map(int, input().split())
    c = [0] * n
    for x in map(int, input().split()):
        c[x - 1] += 1
    low = 0
    high = max(c)
    while high - low > 1:
        mid = (high + low) // 2
        if solve(mid):
            high = mid
        else:
            low = mid
    print(high)
",https://codeforces.com/problemset/problem/1701/C
ADSO_TEST_112,2^Sort,6,"data structures, dp, sortings, two pointers","Given an array a of length n and an integer k, find the number of indices 1 ≤ i ≤ n - k such that the subarray [a_i, \dots, a_{i+k}] with length k+1 (not with length k) has the following property:

If you multiply the first element by 2^0, the second element by 2^1, ..., and the (k+1)-st element by 2^k, then this subarray is sorted in strictly increasing order.

More formally, count the number of indices 1 ≤ i ≤ n - k such that 2^0 ⋅ a_i < 2^1 ⋅ a_{i+1} < 2^2 ⋅ a_{i+2} < \dots < 2^k ⋅ a_{i+k}.","The first line contains an integer t (1 ≤ t ≤ 1000) — the number of test cases.

The first line of each test case contains two integers n, k (3 ≤ n ≤ 2 ⋅ 10^5, 1 ≤ k < n) — the length of the array and the number of inequalities.

The second line of each test case contains n integers a_1, a_2, \dots, a_n (1 ≤ a_i ≤ 10^9) — the elements of the array.

The sum of n across all test cases does not exceed 2 ⋅ 10^5.","For each test case, output a single integer — the number of indices satisfying the condition in the statement.","t = int(input())
for i in range(t):
    a, b = map(int, input().split())
    lsty = list(map(int, input().split()))
    counter = 0
    found = 0
    for j in range(a - 1):
        if lsty[j + 1] > lsty[j] / 2:
            found += 1
        else:
            found = 0
        if found == b:
            found -= 1
            counter += 1
    print(counter)
",https://codeforces.com/problemset/problem/1692/G
ADSO_TEST_113,Prof. Slim,0,"greedy, implementation, sortings","One day Prof. Slim decided to leave the kingdom of the GUC to join the kingdom of the GIU. He was given an easy online assessment to solve before joining the GIU. Citizens of the GUC were happy sad to see the prof leaving, so they decided to hack into the system and change the online assessment into a harder one so that he stays at the GUC. After a long argument, they decided to change it into the following problem.

Given an array of n integers a_1,a_2,...,a_n, where a_{i} ≠ 0, check if you can make this array sorted by using the following operation any number of times (possibly zero). An array is sorted if its elements are arranged in a non-decreasing order.

select two indices i and j (1 ≤ i,j ≤ n) such that a_i and a_j have different signs. In other words, one must be positive and one must be negative.

swap the signs of a_{i} and a_{j}. For example if you select a_i=3 and a_j=-2, then they will change to a_i=-3 and a_j=2.

Prof. Slim saw that the problem is still too easy and isn't worth his time, so he decided to give it to you to solve.","The first line contains a single integer t (1 ≤ t ≤ 10^4) — the number of test cases. Then t test cases follow.

The first line of each test case contains a single integer n (1 ≤ n ≤ 10^{5}) — the length of the array a.

The next line contain n integers a_1, a_2, ..., a_n (-10^9 ≤ a_{i} ≤ 10^9, a_{i} ≠ 0) separated by spaces describing elements of the array a.

It is guaranteed that the sum of n over all test cases doesn't exceed 10^5.","For each test case, print ""YES"" if the array can be sorted in the non-decreasing order, otherwise print ""NO"". You can print each letter in any case (upper or lower).","t = int(input())


def isSorted(n, arr):
    k = 0
    for a in range(n):
        if arr[a] < 0:
            k += 1
    for i in range(n):
        if i < k:
            if not arr[i] < 0:
                arr[i] = -arr[i]
        elif i >= k:
            if arr[i] < 0:
                arr[i] = -arr[i]
    for i in range(n):
        if i < k and i + 1 < k and arr[i] > arr[i + 1]:
            return 'NO'
        elif i >= k and i + 1 < n and arr[i] > arr[i + 1]:
            return 'NO'
    return 'YES'


for i in range(t):
    n = int(input())
    arr = [int(x) for x in input().split(' ')]
    print(isSorted(n, arr))
",https://codeforces.com/problemset/problem/1670/A
ADSO_TEST_114,Atilla's Favorite Problem,0,"greedy, implementation, strings","In order to write a string, Atilla needs to first learn all letters that are contained in the string.

Atilla needs to write a message which can be represented as a string s. He asks you what is the minimum alphabet size required so that one can write this message.

The alphabet of size x (1 ≤ x ≤ 26) contains only the first x Latin letters. For example an alphabet of size 4 contains only the characters {a}, {b}, {c} and {d}.","The first line contains a single integer t (1 ≤ t ≤ 1000) — the number of test cases.

The first line of each test case contains a single integer n (1 ≤ n ≤ 100) — the length of the string.

The second line of each test case contains a string s of length n, consisting of lowercase Latin letters.","For each test case, output a single integer — the minimum alphabet size required to so that Atilla can write his message s.","number = 31


def pos(s):
    l = []
    for i in s:
        l.append(ord(i) & number)
    print(max(l))


T = int(input())
for i in range(T):
    n = int(input())
    s = input()
    pos(s)
",https://codeforces.com/problemset/problem/1760/B
ADSO_TEST_115,Hossam and Friends,6,"binary search, constructive algorithms, dp, two pointers","Hossam makes a big party, and he will invite his friends to the party.

He has n friends numbered from 1 to n. They will be arranged in a queue as follows: 1, 2, 3, ..., n.

Hossam has a list of m pairs of his friends that don't know each other. Any pair not present in this list are friends.

A subsegment of the queue starting from the friend a and ending at the friend b is [a, a + 1, a + 2, ..., b]. A subsegment of the queue is called good when all pairs of that segment are friends.

Hossam wants to know how many pairs (a, b) there are (1 ≤ a ≤ b ≤ n), such that the subsegment starting from the friend a and ending at the friend b is good.","The input consists of multiple test cases. The first line contains a single integer t (1 ≤ t ≤ 2 ⋅ 10^4), the number of test cases. Description of the test cases follows.

The first line of each test case contains two integer numbers n and m (2 ≤ n ≤ 10^5, 0 ≤ m ≤ 10^5) representing the number of friends and the number of pairs, respectively.

The i-th of the next m lines contains two integers x_i and y_i (1 ≤ x_i, y_i≤ n, x_i ≠ y_i) representing a pair of Hossam's friends that don't know each other.

Note that pairs can be repeated.

It is guaranteed that the sum of n over all test cases does not exceed 10^5, and the sum of m over all test cases does not exceed 10^5.",For each test case print an integer — the number of good subsegments.,"from math import *
from collections import deque
from functools import lru_cache
from collections import defaultdict
MOD = 10 ** 9 + 7
from sys import stdin, stdout


def solution():
    n, m = map(int, input().split())
    right_most = defaultdict(lambda : n + 1)
    for _ in range(m):
        a, b = map(int, input().split())
        if a > b:
            a, b = b, a
        right_most[a] = min(right_most[a], b)
    res = 0
    min_run = n + 1
    for i in range(1, n + 1)[::-1]:
        min_run = min(min_run, right_most[i])
        ans = min_run - i
        res += ans
    return print(res)


def main():
    t = 1
    t = int(input())
    for _ in range(t):
        solution()


main()
",https://codeforces.com/problemset/problem/1771/B
ADSO_TEST_116,Schedule Management,6,"binary search, greedy, implementation, two pointers","There are n workers and m tasks. The workers are numbered from 1 to n. Each task i has a value a_i — the index of worker who is proficient in this task.

Every task should have a worker assigned to it. If a worker is proficient in the task, they complete it in 1 hour. Otherwise, it takes them 2 hours.

The workers work in parallel, independently of each other. Each worker can only work on one task at once.

Assign the workers to all tasks in such a way that the tasks are completed as early as possible. The work starts at time 0. What's the minimum time all tasks can be completed by?","The first line contains a single integer t (1 ≤ t ≤ 10^4) — the number of testcases.

The first line of each testcase contains two integers n and m (1 ≤ n ≤ m ≤ 2 ⋅ 10^5) — the number of workers and the number of tasks.

The second line contains m integers a_1, a_2, \dots, a_m (1 ≤ a_i ≤ n) — the index of the worker proficient in the i-th task.

The sum of m over all testcases doesn't exceed 2 ⋅ 10^5.","For each testcase, print a single integer — the minimum time all tasks can be completed by.","a = []
n, m = 0, 0


def bis(lef, rig):
    if rig - lef == 1:
        return rig
    time = [0] * n
    mid = lef + (rig - lef) // 2
    surp = 0
    for i in a:
        if time[i - 1] < mid:
            time[i - 1] += 1
        else:
            surp += 1
    for i in time:
        surp -= (mid - i) // 2
    if surp <= 0:
        return bis(lef, mid)
    else:
        return bis(mid, rig)


t = int(input())
for i in range(t):
    [n, m] = list(map(int, input().split()))
    a = list(map(int, input().split()))
    print(int(bis(0, m * 2)))
",https://codeforces.com/problemset/problem/1701/C
ADSO_TEST_117,Fake Plastic Trees,9,"dfs and similar, dp, greedy, trees","We are given a rooted tree consisting of n vertices numbered from 1 to n. The root of the tree is the vertex 1 and the parent of the vertex v is p_v.

There is a number written on each vertex, initially all numbers are equal to 0. Let's denote the number written on the vertex v as a_v.

For each v, we want a_v to be between l_v and r_v (l_v ≤ a_v ≤ r_v).

In a single operation we do the following:

Choose some vertex v. Let b_1, b_2, ..., b_k be vertices on the path from the vertex 1 to vertex v (meaning b_1 = 1, b_k = v and b_i = p_{b_{i + 1}}).

Choose a non-decreasing array c of length k of nonnegative integers: 0 ≤ c_1 ≤ c_2 ≤ ... ≤ c_k.

For each i (1 ≤ i ≤ k), increase a_{b_i} by c_i.

What's the minimum number of operations needed to achieve our goal?","The first line contains an integer t (1≤ t≤ 1000)  — the number of test cases. The description of the test cases follows.

The first line of each test case contains a single integer n (2≤ n≤ 2 ⋅ 10^5)  — the number of the vertices in the tree.

The second line of each test case contains n - 1 integers, p_2, p_3, ..., p_n (1 ≤ p_i < i), where p_i denotes the parent of the vertex i.

The i-th of the following n lines contains two integers l_i and r_i (1 ≤ l_i ≤ r_i ≤ 10^9).

It is guaranteed that the sum of n over all test cases doesn't exceed 2 ⋅ 10^5.",For each test case output the minimum number of operations needed.,"M = 200000
G = [[] for _ in range(M)]
L = [0] * M
R = [0] * M


def dfs(cur):
    cnt = 0
    m_sum = 0
    l = L[cur]
    r = R[cur]
    for nxt in G[cur]:
        c, m = dfs(nxt)
        cnt += c
        m_sum += m
    if m_sum < l:
        return cnt + 1, r
    else:
        return cnt, min(r, m_sum)


def solve():
    N = int(input())
    for c, p in enumerate([int(i) for i in input().split()], 1):
        p -= 1
        G[p].append(c)
    for i in range(N):
        l, r = [int(j) for j in input().split()]
        L[i] = l
        R[i] = r
    res, m = dfs(0)
    for i in range(N):
        G[i] = []
        L[i] = R[i] = 0
    return str(res)


T = int(input())
ans = [solve() for _ in range(T)]
print('\n'.join(ans))
",https://codeforces.com/problemset/problem/1693/B
ADSO_TEST_118,Double Sort,4,"implementation, sortings","You are given two arrays a and b, both consisting of n integers.

In one move, you can choose two indices i and j (1 ≤ i, j ≤ n; i ≠ j) and swap a_i with a_j and b_i with b_j. You have to perform the swap in both arrays.

You are allowed to perform at most 10^4 moves (possibly, zero). Can you make both arrays sorted in a non-decreasing order at the end? If you can, print any sequence of moves that makes both arrays sorted.","The first line contains a single integer t (1 ≤ t ≤ 100) — the number of testcases.

The first line of each testcase contains a single integer n (2 ≤ n ≤ 100) — the number of elements in both arrays.

The second line contains n integers a_1, a_2, \dots, a_n (1 ≤ a_i ≤ n) — the first array.

The third line contains n integers b_1, b_2, \dots, b_n (1 ≤ b_i ≤ n) — the second array.","For each testcase, print the answer. If it's impossible to make both arrays sorted in a non-decreasing order in at most 10^4 moves, print -1. Otherwise, first, print the number of moves k (0 ≤ k ≤ 10^4). Then print i and j for each move (1 ≤ i, j ≤ n; i ≠ j).

If there are multiple answers, then print any of them. You don't have to minimize the number of moves.","t = int(input())
for j in range(0, t):
    n = int(input())
    a = list(map(int, input().split()))
    b = list(map(int, input().split()))
    c = a.copy()
    d = b.copy()
    c.sort()
    d.sort()
    p = []
    g = []
    v = []
    op = []
    s = 0
    fo = -1
    for k in range(0, n):
        p.append(str(a[k]) + ' ' + str(b[k]))
        g.append(str(c[k]) + ' ' + str(d[k]))
        if p[-1] == g[-1]:
            s += 1
        v.append(0)
        op.append(0)
    if s != n:
        for i in range(0, n):
            fo = -1
            for k in range(0, n):
                if v[k] == 0:
                    if p[k] == g[i]:
                        v[k] = 1
                        op[k] = i
                        fo = 0
                        break
                else:
                    continue
            if fo == -1:
                print(-1)
                break
        bb = []
        cc = 0
        if fo != -1:
            for i in range(0, n):
                mi = i
                for k in range(i + 1, n):
                    if op[mi] > op[k]:
                        mi = k
                op[i], op[mi] = op[mi], op[i]
                if mi != i:
                    cc += 1
                    bb.append(str(mi + 1) + ' ' + str(i + 1))
            print(cc)
            for i in bb:
                print(i)
    else:
        print(0)
",https://codeforces.com/problemset/problem/1681/C
ADSO_TEST_119,Equal Candies,0,"greedy, math, sortings","There are n boxes with different quantities of candies in each of them. The i-th box has a_i candies inside.

You also have n friends that you want to give the candies to, so you decided to give each friend a box of candies. But, you don't want any friends to get upset so you decided to eat some (possibly none) candies from each box so that all boxes have the same quantity of candies in them. Note that you may eat a different number of candies from different boxes and you cannot add candies to any of the boxes.

What's the minimum total number of candies you have to eat to satisfy the requirements?","The first line contains an integer t (1 ≤ t ≤ 1000) — the number of test cases.

The first line of each test case contains an integer n (1 ≤ n ≤ 50) — the number of boxes you have.

The second line of each test case contains n integers a_1, a_2, \dots, a_n (1 ≤ a_i ≤ 10^7) — the quantity of candies in each box.","For each test case, print a single integer denoting the minimum number of candies you have to eat to satisfy the requirements.","import sys
from typing import List
input = sys.stdin.readline


def input_single_integer():
    return int(input())


def input_list():
    return list(map(int, input().split()))


def input_string():
    s = input()
    return list(s[:len(s) - 1])


def input_space_seperated_integer_variables():
    return map(int, input().split())


def number_of_candies_to_be_eaten(candy_boxes: List[int], number_of_boxes: int
    ) ->int:
    candies_to_be_eaten = 0
    candy_boxes.sort()
    smallest_candy_box = candy_boxes[0]
    for i in range(1, number_of_boxes):
        candies_to_be_eaten += candy_boxes[i] - smallest_candy_box
    return candies_to_be_eaten


test_case = input_single_integer()
while test_case:
    number_of_candybox = input_single_integer()
    candy_boxes = input_list()
    print(number_of_candies_to_be_eaten(candy_boxes, number_of_candybox))
    test_case -= 1
",https://codeforces.com/problemset/problem/1676/B
ADSO_TEST_120,Hossam and Combinatorics,1,"combinatorics, math, sortings","Hossam woke up bored, so he decided to create an interesting array with his friend Hazem.

Now, they have an array a of n positive integers, Hossam will choose a number a_i and Hazem will choose a number a_j.

Count the number of interesting pairs (a_i, a_j) that meet all the following conditions:

1 ≤ i, j ≤ n;

i ≠ j;

The absolute difference |a_i - a_j| must be equal to the maximum absolute difference over all the pairs in the array. More formally, |a_i - a_j| = \max_{1 ≤ p, q ≤ n} |a_p - a_q|.","The input consists of multiple test cases. The first line contains a single integer t (1 ≤ t ≤ 100), which denotes the number of test cases. Description of the test cases follows.

The first line of each test case contains an integer n (2 ≤ n ≤ 10^5).

The second line of each test case contains n integers a_1, a_2, \dots, a_n (1 ≤ a_i ≤ 10^5).

It is guaranteed that the sum of n over all test cases does not exceed 10^5.","For each test case print an integer — the number of interesting pairs (a_i, a_j).","for _ in range(int(input())):
    x = int(input())
    l = list(map(int, input().split()))
    m = min(l)
    ma = max(l)
    print(2 * l.count(m) * l.count(ma) if len(set(l)) != 1 else x * (x - 1))
",https://codeforces.com/problemset/problem/1771/A
